observation_id,carrier,period_end_date,field_name,reported_or_normalized_value,exact_reported_metric_label,source_publication_date,source_page_or_section,source_url,local_source_file,extraction_method,confidence,notes
ODFL_FY2024_Q1_2024-03-31,Old Dominion Freight Line,2024-03-31,revenue_m,1460.073,Revenue / Operating Revenue / Segment revenue,2024-04-24,Quarterly financial and operating statistics tables,https://www.sec.gov/Archives/edgar/data/878927/000095017024047274/odfl-ex99_1.htm,outputs\phase1b_ltl_peer_panel\sources\ODFL_2024_Q1_SEC_ex99_1.htm,Reported,High,ODFL single LTL segment; company reports operating ratio and daily metrics.
ODFL_FY2024_Q1_2024-03-31,Old Dominion Freight Line,2024-03-31,operating_income_m,386.426,Operating income / Operating Income,2024-04-24,Quarterly financial and operating statistics tables,https://www.sec.gov/Archives/edgar/data/878927/000095017024047274/odfl-ex99_1.htm,outputs\phase1b_ltl_peer_panel\sources\ODFL_2024_Q1_SEC_ex99_1.htm,Reported,High,ODFL single LTL segment; company reports operating ratio and daily metrics.
ODFL_FY2024_Q1_2024-03-31,Old Dominion Freight Line,2024-03-31,operating_margin_pct,26.5,Operating margin / derived from operating ratio where applicable,2024-04-24,Quarterly financial and operating statistics tables,https://www.sec.gov/Archives/edgar/data/878927/000095017024047274/odfl-ex99_1.htm,outputs\phase1b_ltl_peer_panel\sources\ODFL_2024_Q1_SEC_ex99_1.htm,Reported or algebraic complement when only reciprocal ratio is reported,High,ODFL single LTL segment; company reports operating ratio and daily metrics.
ODFL_FY2024_Q1_2024-03-31,Old Dominion Freight Line,2024-03-31,operating_ratio_pct,73.5,Operating ratio / derived from operating margin where applicable,2024-04-24,Quarterly financial and operating statistics tables,https://www.sec.gov/Archives/edgar/data/878927/000095017024047274/odfl-ex99_1.htm,outputs\phase1b_ltl_peer_panel\sources\ODFL_2024_Q1_SEC_ex99_1.htm,Reported or algebraic complement when only reciprocal ratio is reported,High,ODFL single LTL segment; company reports operating ratio and daily metrics.
ODFL_FY2024_Q1_2024-03-31,Old Dominion Freight Line,2024-03-31,avg_daily_shipments,46931,LTL shipments per day / Total average daily shipments / Shipments per day,2024-04-24,Quarterly financial and operating statistics tables,https://www.sec.gov/Archives/edgar/data/878927/000095017024047274/odfl-ex99_1.htm,outputs\phase1b_ltl_peer_panel\sources\ODFL_2024_Q1_SEC_ex99_1.htm,Reported,High,ODFL single LTL segment; company reports operating ratio and daily metrics.
ODFL_FY2024_Q1_2024-03-31,Old Dominion Freight Line,2024-03-31,shipments_yoy_pct,-0.5,LTL shipments per day change / Total average daily shipments change,2024-04-24,Quarterly financial and operating statistics tables,https://www.sec.gov/Archives/edgar/data/878927/000095017024047274/odfl-ex99_1.htm,outputs\phase1b_ltl_peer_panel\sources\ODFL_2024_Q1_SEC_ex99_1.htm,Reported,High,ODFL single LTL segment; company reports operating ratio and daily metrics.
ODFL_FY2024_Q1_2024-03-31,Old Dominion Freight Line,2024-03-31,tonnage_per_day,35380,LTL tonnage per day / pounds per day converted to tons,2024-04-24,Quarterly financial and operating statistics tables,https://www.sec.gov/Archives/edgar/data/878927/000095017024047274/odfl-ex99_1.htm,outputs\phase1b_ltl_peer_panel\sources\ODFL_2024_Q1_SEC_ex99_1.htm,Reported,High,ODFL single LTL segment; company reports operating ratio and daily metrics.
ODFL_FY2024_Q1_2024-03-31,Old Dominion Freight Line,2024-03-31,tonnage_yoy_pct,-3.2,LTL tonnage per day change / pounds per day change,2024-04-24,Quarterly financial and operating statistics tables,https://www.sec.gov/Archives/edgar/data/878927/000095017024047274/odfl-ex99_1.htm,outputs\phase1b_ltl_peer_panel\sources\ODFL_2024_Q1_SEC_ex99_1.htm,Reported,High,ODFL single LTL segment; company reports operating ratio and daily metrics.
ODFL_FY2024_Q1_2024-03-31,Old Dominion Freight Line,2024-03-31,weight_per_shipment_lbs,1508,LTL weight per shipment (lbs.) / Composite weight per shipment,2024-04-24,Quarterly financial and operating statistics tables,https://www.sec.gov/Archives/edgar/data/878927/000095017024047274/odfl-ex99_1.htm,outputs\phase1b_ltl_peer_panel\sources\ODFL_2024_Q1_SEC_ex99_1.htm,Reported,High,ODFL single LTL segment; company reports operating ratio and daily metrics.
ODFL_FY2024_Q1_2024-03-31,Old Dominion Freight Line,2024-03-31,weight_per_shipment_yoy_pct,-2.7,Weight per shipment year-over-year change,2024-04-24,Quarterly financial and operating statistics tables,https://www.sec.gov/Archives/edgar/data/878927/000095017024047274/odfl-ex99_1.htm,outputs\phase1b_ltl_peer_panel\sources\ODFL_2024_Q1_SEC_ex99_1.htm,Reported,High,ODFL single LTL segment; company reports operating ratio and daily metrics.
ODFL_FY2024_Q1_2024-03-31,Old Dominion Freight Line,2024-03-31,revenue_per_shipment,482.24,LTL revenue per shipment / Composite revenue per shipment,2024-04-24,Quarterly financial and operating statistics tables,https://www.sec.gov/Archives/edgar/data/878927/000095017024047274/odfl-ex99_1.htm,outputs\phase1b_ltl_peer_panel\sources\ODFL_2024_Q1_SEC_ex99_1.htm,Reported,High,ODFL single LTL segment; company reports operating ratio and daily metrics.
ODFL_FY2024_Q1_2024-03-31,Old Dominion Freight Line,2024-03-31,revenue_per_shipment_yoy_pct,1.3,Revenue per shipment year-over-year change,2024-04-24,Quarterly financial and operating statistics tables,https://www.sec.gov/Archives/edgar/data/878927/000095017024047274/odfl-ex99_1.htm,outputs\phase1b_ltl_peer_panel\sources\ODFL_2024_Q1_SEC_ex99_1.htm,Reported,High,ODFL single LTL segment; company reports operating ratio and daily metrics.
ODFL_FY2024_Q1_2024-03-31,Old Dominion Freight Line,2024-03-31,revenue_per_shipment_ex_fuel,403.71,LTL revenue per shipment excluding fuel surcharge,2024-04-24,Quarterly financial and operating statistics tables,https://www.sec.gov/Archives/edgar/data/878927/000095017024047274/odfl-ex99_1.htm,outputs\phase1b_ltl_peer_panel\sources\ODFL_2024_Q1_SEC_ex99_1.htm,Reported,High,ODFL single LTL segment; company reports operating ratio and daily metrics.
ODFL_FY2024_Q1_2024-03-31,Old Dominion Freight Line,2024-03-31,revenue_per_shipment_ex_fuel_yoy_pct,3.8,Revenue per shipment excluding fuel surcharge year-over-year change,2024-04-24,Quarterly financial and operating statistics tables,https://www.sec.gov/Archives/edgar/data/878927/000095017024047274/odfl-ex99_1.htm,outputs\phase1b_ltl_peer_panel\sources\ODFL_2024_Q1_SEC_ex99_1.htm,Reported,High,ODFL single LTL segment; company reports operating ratio and daily metrics.
ODFL_FY2024_Q1_2024-03-31,Old Dominion Freight Line,2024-03-31,revenue_per_cwt,31.98,LTL revenue per hundredweight / Composite revenue per hundredweight,2024-04-24,Quarterly financial and operating statistics tables,https://www.sec.gov/Archives/edgar/data/878927/000095017024047274/odfl-ex99_1.htm,outputs\phase1b_ltl_peer_panel\sources\ODFL_2024_Q1_SEC_ex99_1.htm,Reported,High,ODFL single LTL segment; company reports operating ratio and daily metrics.
ODFL_FY2024_Q1_2024-03-31,Old Dominion Freight Line,2024-03-31,revenue_per_cwt_yoy_pct,4.1,Revenue per hundredweight year-over-year change,2024-04-24,Quarterly financial and operating statistics tables,https://www.sec.gov/Archives/edgar/data/878927/000095017024047274/odfl-ex99_1.htm,outputs\phase1b_ltl_peer_panel\sources\ODFL_2024_Q1_SEC_ex99_1.htm,Reported,High,ODFL single LTL segment; company reports operating ratio and daily metrics.
ODFL_FY2024_Q1_2024-03-31,Old Dominion Freight Line,2024-03-31,revenue_per_cwt_ex_fuel,26.78,LTL revenue per hundredweight excluding fuel surcharge,2024-04-24,Quarterly financial and operating statistics tables,https://www.sec.gov/Archives/edgar/data/878927/000095017024047274/odfl-ex99_1.htm,outputs\phase1b_ltl_peer_panel\sources\ODFL_2024_Q1_SEC_ex99_1.htm,Reported,High,ODFL single LTL segment; company reports operating ratio and daily metrics.
ODFL_FY2024_Q1_2024-03-31,Old Dominion Freight Line,2024-03-31,revenue_per_cwt_ex_fuel_yoy_pct,6.7,Revenue per hundredweight excluding fuel surcharge year-over-year change,2024-04-24,Quarterly financial and operating statistics tables,https://www.sec.gov/Archives/edgar/data/878927/000095017024047274/odfl-ex99_1.htm,outputs\phase1b_ltl_peer_panel\sources\ODFL_2024_Q1_SEC_ex99_1.htm,Reported,High,ODFL single LTL segment; company reports operating ratio and daily metrics.
ODFL_FY2024_Q1_2024-03-31,Old Dominion Freight Line,2024-03-31,yield_ex_fuel_reported,6.7,Yield excluding fuel surcharge growth where source uses yield language,2024-04-24,Quarterly financial and operating statistics tables,https://www.sec.gov/Archives/edgar/data/878927/000095017024047274/odfl-ex99_1.htm,outputs\phase1b_ltl_peer_panel\sources\ODFL_2024_Q1_SEC_ex99_1.htm,Reported,High,ODFL single LTL segment; company reports operating ratio and daily metrics.
ODFL_FY2024_Q2_2024-06-30,Old Dominion Freight Line,2024-06-30,revenue_m,1498.697,Revenue / Operating Revenue / Segment revenue,2024-07-24,Quarterly financial and operating statistics tables,https://www.sec.gov/Archives/edgar/data/878927/000095017024085869/odfl-ex99_1.htm,outputs\phase1b_ltl_peer_panel\sources\ODFL_2024_Q2_SEC_ex99_1.htm,Reported,High,ODFL single LTL segment; company reports operating ratio and daily metrics.
ODFL_FY2024_Q2_2024-06-30,Old Dominion Freight Line,2024-06-30,operating_income_m,421.691,Operating income / Operating Income,2024-07-24,Quarterly financial and operating statistics tables,https://www.sec.gov/Archives/edgar/data/878927/000095017024085869/odfl-ex99_1.htm,outputs\phase1b_ltl_peer_panel\sources\ODFL_2024_Q2_SEC_ex99_1.htm,Reported,High,ODFL single LTL segment; company reports operating ratio and daily metrics.
ODFL_FY2024_Q2_2024-06-30,Old Dominion Freight Line,2024-06-30,operating_margin_pct,28.1,Operating margin / derived from operating ratio where applicable,2024-07-24,Quarterly financial and operating statistics tables,https://www.sec.gov/Archives/edgar/data/878927/000095017024085869/odfl-ex99_1.htm,outputs\phase1b_ltl_peer_panel\sources\ODFL_2024_Q2_SEC_ex99_1.htm,Reported or algebraic complement when only reciprocal ratio is reported,High,ODFL single LTL segment; company reports operating ratio and daily metrics.
ODFL_FY2024_Q2_2024-06-30,Old Dominion Freight Line,2024-06-30,operating_ratio_pct,71.9,Operating ratio / derived from operating margin where applicable,2024-07-24,Quarterly financial and operating statistics tables,https://www.sec.gov/Archives/edgar/data/878927/000095017024085869/odfl-ex99_1.htm,outputs\phase1b_ltl_peer_panel\sources\ODFL_2024_Q2_SEC_ex99_1.htm,Reported or algebraic complement when only reciprocal ratio is reported,High,ODFL single LTL segment; company reports operating ratio and daily metrics.
ODFL_FY2024_Q2_2024-06-30,Old Dominion Freight Line,2024-06-30,avg_daily_shipments,48444,LTL shipments per day / Total average daily shipments / Shipments per day,2024-07-24,Quarterly financial and operating statistics tables,https://www.sec.gov/Archives/edgar/data/878927/000095017024085869/odfl-ex99_1.htm,outputs\phase1b_ltl_peer_panel\sources\ODFL_2024_Q2_SEC_ex99_1.htm,Reported,High,ODFL single LTL segment; company reports operating ratio and daily metrics.
ODFL_FY2024_Q2_2024-06-30,Old Dominion Freight Line,2024-06-30,shipments_yoy_pct,3.1,LTL shipments per day change / Total average daily shipments change,2024-07-24,Quarterly financial and operating statistics tables,https://www.sec.gov/Archives/edgar/data/878927/000095017024085869/odfl-ex99_1.htm,outputs\phase1b_ltl_peer_panel\sources\ODFL_2024_Q2_SEC_ex99_1.htm,Reported,High,ODFL single LTL segment; company reports operating ratio and daily metrics.
ODFL_FY2024_Q2_2024-06-30,Old Dominion Freight Line,2024-06-30,tonnage_per_day,36560,LTL tonnage per day / pounds per day converted to tons,2024-07-24,Quarterly financial and operating statistics tables,https://www.sec.gov/Archives/edgar/data/878927/000095017024085869/odfl-ex99_1.htm,outputs\phase1b_ltl_peer_panel\sources\ODFL_2024_Q2_SEC_ex99_1.htm,Reported,High,ODFL single LTL segment; company reports operating ratio and daily metrics.
ODFL_FY2024_Q2_2024-06-30,Old Dominion Freight Line,2024-06-30,tonnage_yoy_pct,1.9,LTL tonnage per day change / pounds per day change,2024-07-24,Quarterly financial and operating statistics tables,https://www.sec.gov/Archives/edgar/data/878927/000095017024085869/odfl-ex99_1.htm,outputs\phase1b_ltl_peer_panel\sources\ODFL_2024_Q2_SEC_ex99_1.htm,Reported,High,ODFL single LTL segment; company reports operating ratio and daily metrics.
ODFL_FY2024_Q2_2024-06-30,Old Dominion Freight Line,2024-06-30,weight_per_shipment_lbs,1509,LTL weight per shipment (lbs.) / Composite weight per shipment,2024-07-24,Quarterly financial and operating statistics tables,https://www.sec.gov/Archives/edgar/data/878927/000095017024085869/odfl-ex99_1.htm,outputs\phase1b_ltl_peer_panel\sources\ODFL_2024_Q2_SEC_ex99_1.htm,Reported,High,ODFL single LTL segment; company reports operating ratio and daily metrics.
ODFL_FY2024_Q2_2024-06-30,Old Dominion Freight Line,2024-06-30,weight_per_shipment_yoy_pct,-1.2,Weight per shipment year-over-year change,2024-07-24,Quarterly financial and operating statistics tables,https://www.sec.gov/Archives/edgar/data/878927/000095017024085869/odfl-ex99_1.htm,outputs\phase1b_ltl_peer_panel\sources\ODFL_2024_Q2_SEC_ex99_1.htm,Reported,High,ODFL single LTL segment; company reports operating ratio and daily metrics.
ODFL_FY2024_Q2_2024-06-30,Old Dominion Freight Line,2024-06-30,revenue_per_shipment,479.48,LTL revenue per shipment / Composite revenue per shipment,2024-07-24,Quarterly financial and operating statistics tables,https://www.sec.gov/Archives/edgar/data/878927/000095017024085869/odfl-ex99_1.htm,outputs\phase1b_ltl_peer_panel\sources\ODFL_2024_Q2_SEC_ex99_1.htm,Reported,High,ODFL single LTL segment; company reports operating ratio and daily metrics.
ODFL_FY2024_Q2_2024-06-30,Old Dominion Freight Line,2024-06-30,revenue_per_shipment_yoy_pct,3.2,Revenue per shipment year-over-year change,2024-07-24,Quarterly financial and operating statistics tables,https://www.sec.gov/Archives/edgar/data/878927/000095017024085869/odfl-ex99_1.htm,outputs\phase1b_ltl_peer_panel\sources\ODFL_2024_Q2_SEC_ex99_1.htm,Reported,High,ODFL single LTL segment; company reports operating ratio and daily metrics.
ODFL_FY2024_Q2_2024-06-30,Old Dominion Freight Line,2024-06-30,revenue_per_shipment_ex_fuel,403.77,LTL revenue per shipment excluding fuel surcharge,2024-07-24,Quarterly financial and operating statistics tables,https://www.sec.gov/Archives/edgar/data/878927/000095017024085869/odfl-ex99_1.htm,outputs\phase1b_ltl_peer_panel\sources\ODFL_2024_Q2_SEC_ex99_1.htm,Reported,High,ODFL single LTL segment; company reports operating ratio and daily metrics.
ODFL_FY2024_Q2_2024-06-30,Old Dominion Freight Line,2024-06-30,revenue_per_shipment_ex_fuel_yoy_pct,3.7,Revenue per shipment excluding fuel surcharge year-over-year change,2024-07-24,Quarterly financial and operating statistics tables,https://www.sec.gov/Archives/edgar/data/878927/000095017024085869/odfl-ex99_1.htm,outputs\phase1b_ltl_peer_panel\sources\ODFL_2024_Q2_SEC_ex99_1.htm,Reported,High,ODFL single LTL segment; company reports operating ratio and daily metrics.
ODFL_FY2024_Q2_2024-06-30,Old Dominion Freight Line,2024-06-30,revenue_per_cwt,31.77,LTL revenue per hundredweight / Composite revenue per hundredweight,2024-07-24,Quarterly financial and operating statistics tables,https://www.sec.gov/Archives/edgar/data/878927/000095017024085869/odfl-ex99_1.htm,outputs\phase1b_ltl_peer_panel\sources\ODFL_2024_Q2_SEC_ex99_1.htm,Reported,High,ODFL single LTL segment; company reports operating ratio and daily metrics.
ODFL_FY2024_Q2_2024-06-30,Old Dominion Freight Line,2024-06-30,revenue_per_cwt_yoy_pct,4.4,Revenue per hundredweight year-over-year change,2024-07-24,Quarterly financial and operating statistics tables,https://www.sec.gov/Archives/edgar/data/878927/000095017024085869/odfl-ex99_1.htm,outputs\phase1b_ltl_peer_panel\sources\ODFL_2024_Q2_SEC_ex99_1.htm,Reported,High,ODFL single LTL segment; company reports operating ratio and daily metrics.
ODFL_FY2024_Q2_2024-06-30,Old Dominion Freight Line,2024-06-30,revenue_per_cwt_ex_fuel,26.75,LTL revenue per hundredweight excluding fuel surcharge,2024-07-24,Quarterly financial and operating statistics tables,https://www.sec.gov/Archives/edgar/data/878927/000095017024085869/odfl-ex99_1.htm,outputs\phase1b_ltl_peer_panel\sources\ODFL_2024_Q2_SEC_ex99_1.htm,Reported,High,ODFL single LTL segment; company reports operating ratio and daily metrics.
ODFL_FY2024_Q2_2024-06-30,Old Dominion Freight Line,2024-06-30,revenue_per_cwt_ex_fuel_yoy_pct,4.9,Revenue per hundredweight excluding fuel surcharge year-over-year change,2024-07-24,Quarterly financial and operating statistics tables,https://www.sec.gov/Archives/edgar/data/878927/000095017024085869/odfl-ex99_1.htm,outputs\phase1b_ltl_peer_panel\sources\ODFL_2024_Q2_SEC_ex99_1.htm,Reported,High,ODFL single LTL segment; company reports operating ratio and daily metrics.
ODFL_FY2024_Q2_2024-06-30,Old Dominion Freight Line,2024-06-30,yield_ex_fuel_reported,4.9,Yield excluding fuel surcharge growth where source uses yield language,2024-07-24,Quarterly financial and operating statistics tables,https://www.sec.gov/Archives/edgar/data/878927/000095017024085869/odfl-ex99_1.htm,outputs\phase1b_ltl_peer_panel\sources\ODFL_2024_Q2_SEC_ex99_1.htm,Reported,High,ODFL single LTL segment; company reports operating ratio and daily metrics.
ODFL_FY2024_Q3_2024-09-30,Old Dominion Freight Line,2024-09-30,revenue_m,1470.211,Revenue / Operating Revenue / Segment revenue,2024-10-23,Quarterly financial and operating statistics tables,https://www.sec.gov/Archives/edgar/data/878927/000095017024116488/odfl-ex99_1.htm,outputs\phase1b_ltl_peer_panel\sources\ODFL_2024_Q3_SEC_ex99_1.htm,Reported,High,ODFL single LTL segment; company reports operating ratio and daily metrics.
ODFL_FY2024_Q3_2024-09-30,Old Dominion Freight Line,2024-09-30,operating_income_m,401.861,Operating income / Operating Income,2024-10-23,Quarterly financial and operating statistics tables,https://www.sec.gov/Archives/edgar/data/878927/000095017024116488/odfl-ex99_1.htm,outputs\phase1b_ltl_peer_panel\sources\ODFL_2024_Q3_SEC_ex99_1.htm,Reported,High,ODFL single LTL segment; company reports operating ratio and daily metrics.
ODFL_FY2024_Q3_2024-09-30,Old Dominion Freight Line,2024-09-30,operating_margin_pct,27.3,Operating margin / derived from operating ratio where applicable,2024-10-23,Quarterly financial and operating statistics tables,https://www.sec.gov/Archives/edgar/data/878927/000095017024116488/odfl-ex99_1.htm,outputs\phase1b_ltl_peer_panel\sources\ODFL_2024_Q3_SEC_ex99_1.htm,Reported or algebraic complement when only reciprocal ratio is reported,High,ODFL single LTL segment; company reports operating ratio and daily metrics.
ODFL_FY2024_Q3_2024-09-30,Old Dominion Freight Line,2024-09-30,operating_ratio_pct,72.7,Operating ratio / derived from operating margin where applicable,2024-10-23,Quarterly financial and operating statistics tables,https://www.sec.gov/Archives/edgar/data/878927/000095017024116488/odfl-ex99_1.htm,outputs\phase1b_ltl_peer_panel\sources\ODFL_2024_Q3_SEC_ex99_1.htm,Reported or algebraic complement when only reciprocal ratio is reported,High,ODFL single LTL segment; company reports operating ratio and daily metrics.
ODFL_FY2024_Q3_2024-09-30,Old Dominion Freight Line,2024-09-30,avg_daily_shipments,47967,LTL shipments per day / Total average daily shipments / Shipments per day,2024-10-23,Quarterly financial and operating statistics tables,https://www.sec.gov/Archives/edgar/data/878927/000095017024116488/odfl-ex99_1.htm,outputs\phase1b_ltl_peer_panel\sources\ODFL_2024_Q3_SEC_ex99_1.htm,Reported,High,ODFL single LTL segment; company reports operating ratio and daily metrics.
ODFL_FY2024_Q3_2024-09-30,Old Dominion Freight Line,2024-09-30,shipments_yoy_pct,-3.4,LTL shipments per day change / Total average daily shipments change,2024-10-23,Quarterly financial and operating statistics tables,https://www.sec.gov/Archives/edgar/data/878927/000095017024116488/odfl-ex99_1.htm,outputs\phase1b_ltl_peer_panel\sources\ODFL_2024_Q3_SEC_ex99_1.htm,Reported,High,ODFL single LTL segment; company reports operating ratio and daily metrics.
ODFL_FY2024_Q3_2024-09-30,Old Dominion Freight Line,2024-09-30,tonnage_per_day,35408,LTL tonnage per day / pounds per day converted to tons,2024-10-23,Quarterly financial and operating statistics tables,https://www.sec.gov/Archives/edgar/data/878927/000095017024116488/odfl-ex99_1.htm,outputs\phase1b_ltl_peer_panel\sources\ODFL_2024_Q3_SEC_ex99_1.htm,Reported,High,ODFL single LTL segment; company reports operating ratio and daily metrics.
ODFL_FY2024_Q3_2024-09-30,Old Dominion Freight Line,2024-09-30,tonnage_yoy_pct,-4.8,LTL tonnage per day change / pounds per day change,2024-10-23,Quarterly financial and operating statistics tables,https://www.sec.gov/Archives/edgar/data/878927/000095017024116488/odfl-ex99_1.htm,outputs\phase1b_ltl_peer_panel\sources\ODFL_2024_Q3_SEC_ex99_1.htm,Reported,High,ODFL single LTL segment; company reports operating ratio and daily metrics.
ODFL_FY2024_Q3_2024-09-30,Old Dominion Freight Line,2024-09-30,weight_per_shipment_lbs,1476,LTL weight per shipment (lbs.) / Composite weight per shipment,2024-10-23,Quarterly financial and operating statistics tables,https://www.sec.gov/Archives/edgar/data/878927/000095017024116488/odfl-ex99_1.htm,outputs\phase1b_ltl_peer_panel\sources\ODFL_2024_Q3_SEC_ex99_1.htm,Reported,High,ODFL single LTL segment; company reports operating ratio and daily metrics.
ODFL_FY2024_Q3_2024-09-30,Old Dominion Freight Line,2024-09-30,weight_per_shipment_yoy_pct,-1.4,Weight per shipment year-over-year change,2024-10-23,Quarterly financial and operating statistics tables,https://www.sec.gov/Archives/edgar/data/878927/000095017024116488/odfl-ex99_1.htm,outputs\phase1b_ltl_peer_panel\sources\ODFL_2024_Q3_SEC_ex99_1.htm,Reported,High,ODFL single LTL segment; company reports operating ratio and daily metrics.
ODFL_FY2024_Q3_2024-09-30,Old Dominion Freight Line,2024-09-30,revenue_per_shipment,477.7,LTL revenue per shipment / Composite revenue per shipment,2024-10-23,Quarterly financial and operating statistics tables,https://www.sec.gov/Archives/edgar/data/878927/000095017024116488/odfl-ex99_1.htm,outputs\phase1b_ltl_peer_panel\sources\ODFL_2024_Q3_SEC_ex99_1.htm,Reported,High,ODFL single LTL segment; company reports operating ratio and daily metrics.
ODFL_FY2024_Q3_2024-09-30,Old Dominion Freight Line,2024-09-30,revenue_per_shipment_yoy_pct,0.1,Revenue per shipment year-over-year change,2024-10-23,Quarterly financial and operating statistics tables,https://www.sec.gov/Archives/edgar/data/878927/000095017024116488/odfl-ex99_1.htm,outputs\phase1b_ltl_peer_panel\sources\ODFL_2024_Q3_SEC_ex99_1.htm,Reported,High,ODFL single LTL segment; company reports operating ratio and daily metrics.
ODFL_FY2024_Q3_2024-09-30,Old Dominion Freight Line,2024-09-30,revenue_per_shipment_ex_fuel,405.85,LTL revenue per shipment excluding fuel surcharge,2024-10-23,Quarterly financial and operating statistics tables,https://www.sec.gov/Archives/edgar/data/878927/000095017024116488/odfl-ex99_1.htm,outputs\phase1b_ltl_peer_panel\sources\ODFL_2024_Q3_SEC_ex99_1.htm,Reported,High,ODFL single LTL segment; company reports operating ratio and daily metrics.
ODFL_FY2024_Q3_2024-09-30,Old Dominion Freight Line,2024-09-30,revenue_per_shipment_ex_fuel_yoy_pct,3.1,Revenue per shipment excluding fuel surcharge year-over-year change,2024-10-23,Quarterly financial and operating statistics tables,https://www.sec.gov/Archives/edgar/data/878927/000095017024116488/odfl-ex99_1.htm,outputs\phase1b_ltl_peer_panel\sources\ODFL_2024_Q3_SEC_ex99_1.htm,Reported,High,ODFL single LTL segment; company reports operating ratio and daily metrics.
ODFL_FY2024_Q3_2024-09-30,Old Dominion Freight Line,2024-09-30,revenue_per_cwt,32.36,LTL revenue per hundredweight / Composite revenue per hundredweight,2024-10-23,Quarterly financial and operating statistics tables,https://www.sec.gov/Archives/edgar/data/878927/000095017024116488/odfl-ex99_1.htm,outputs\phase1b_ltl_peer_panel\sources\ODFL_2024_Q3_SEC_ex99_1.htm,Reported,High,ODFL single LTL segment; company reports operating ratio and daily metrics.
ODFL_FY2024_Q3_2024-09-30,Old Dominion Freight Line,2024-09-30,revenue_per_cwt_yoy_pct,1.5,Revenue per hundredweight year-over-year change,2024-10-23,Quarterly financial and operating statistics tables,https://www.sec.gov/Archives/edgar/data/878927/000095017024116488/odfl-ex99_1.htm,outputs\phase1b_ltl_peer_panel\sources\ODFL_2024_Q3_SEC_ex99_1.htm,Reported,High,ODFL single LTL segment; company reports operating ratio and daily metrics.
ODFL_FY2024_Q3_2024-09-30,Old Dominion Freight Line,2024-09-30,revenue_per_cwt_ex_fuel,27.49,LTL revenue per hundredweight excluding fuel surcharge,2024-10-23,Quarterly financial and operating statistics tables,https://www.sec.gov/Archives/edgar/data/878927/000095017024116488/odfl-ex99_1.htm,outputs\phase1b_ltl_peer_panel\sources\ODFL_2024_Q3_SEC_ex99_1.htm,Reported,High,ODFL single LTL segment; company reports operating ratio and daily metrics.
ODFL_FY2024_Q3_2024-09-30,Old Dominion Freight Line,2024-09-30,revenue_per_cwt_ex_fuel_yoy_pct,4.6,Revenue per hundredweight excluding fuel surcharge year-over-year change,2024-10-23,Quarterly financial and operating statistics tables,https://www.sec.gov/Archives/edgar/data/878927/000095017024116488/odfl-ex99_1.htm,outputs\phase1b_ltl_peer_panel\sources\ODFL_2024_Q3_SEC_ex99_1.htm,Reported,High,ODFL single LTL segment; company reports operating ratio and daily metrics.
ODFL_FY2024_Q3_2024-09-30,Old Dominion Freight Line,2024-09-30,yield_ex_fuel_reported,4.6,Yield excluding fuel surcharge growth where source uses yield language,2024-10-23,Quarterly financial and operating statistics tables,https://www.sec.gov/Archives/edgar/data/878927/000095017024116488/odfl-ex99_1.htm,outputs\phase1b_ltl_peer_panel\sources\ODFL_2024_Q3_SEC_ex99_1.htm,Reported,High,ODFL single LTL segment; company reports operating ratio and daily metrics.
ODFL_FY2024_Q4_2024-12-31,Old Dominion Freight Line,2024-12-31,revenue_m,1385.829,Revenue / Operating Revenue / Segment revenue,2026-02-04,Prior-year quarter column in 2025 Q4 comparative tables,https://www.sec.gov/Archives/edgar/data/878927/000119312526036791/odfl-ex99_1.htm,outputs\phase1b_ltl_peer_panel\sources\ODFL_2025_Q4_SEC_ex99_1.htm,Reported,High,Values sourced from prior-year column in 2025 Q4 comparative table; 2024-vs-2023 growth not in this source.
ODFL_FY2024_Q4_2024-12-31,Old Dominion Freight Line,2024-12-31,operating_income_m,334.02,Operating income / Operating Income,2026-02-04,Prior-year quarter column in 2025 Q4 comparative tables,https://www.sec.gov/Archives/edgar/data/878927/000119312526036791/odfl-ex99_1.htm,outputs\phase1b_ltl_peer_panel\sources\ODFL_2025_Q4_SEC_ex99_1.htm,Reported,High,Values sourced from prior-year column in 2025 Q4 comparative table; 2024-vs-2023 growth not in this source.
ODFL_FY2024_Q4_2024-12-31,Old Dominion Freight Line,2024-12-31,operating_margin_pct,24.1,Operating margin / derived from operating ratio where applicable,2026-02-04,Prior-year quarter column in 2025 Q4 comparative tables,https://www.sec.gov/Archives/edgar/data/878927/000119312526036791/odfl-ex99_1.htm,outputs\phase1b_ltl_peer_panel\sources\ODFL_2025_Q4_SEC_ex99_1.htm,Reported or algebraic complement when only reciprocal ratio is reported,High,Values sourced from prior-year column in 2025 Q4 comparative table; 2024-vs-2023 growth not in this source.
ODFL_FY2024_Q4_2024-12-31,Old Dominion Freight Line,2024-12-31,operating_ratio_pct,75.9,Operating ratio / derived from operating margin where applicable,2026-02-04,Prior-year quarter column in 2025 Q4 comparative tables,https://www.sec.gov/Archives/edgar/data/878927/000119312526036791/odfl-ex99_1.htm,outputs\phase1b_ltl_peer_panel\sources\ODFL_2025_Q4_SEC_ex99_1.htm,Reported or algebraic complement when only reciprocal ratio is reported,High,Values sourced from prior-year column in 2025 Q4 comparative table; 2024-vs-2023 growth not in this source.
ODFL_FY2024_Q4_2024-12-31,Old Dominion Freight Line,2024-12-31,avg_daily_shipments,45763,LTL shipments per day / Total average daily shipments / Shipments per day,2026-02-04,Prior-year quarter column in 2025 Q4 comparative tables,https://www.sec.gov/Archives/edgar/data/878927/000119312526036791/odfl-ex99_1.htm,outputs\phase1b_ltl_peer_panel\sources\ODFL_2025_Q4_SEC_ex99_1.htm,Reported,High,Values sourced from prior-year column in 2025 Q4 comparative table; 2024-vs-2023 growth not in this source.
ODFL_FY2024_Q4_2024-12-31,Old Dominion Freight Line,2024-12-31,tonnage_per_day,34351,LTL tonnage per day / pounds per day converted to tons,2026-02-04,Prior-year quarter column in 2025 Q4 comparative tables,https://www.sec.gov/Archives/edgar/data/878927/000119312526036791/odfl-ex99_1.htm,outputs\phase1b_ltl_peer_panel\sources\ODFL_2025_Q4_SEC_ex99_1.htm,Reported,High,Values sourced from prior-year column in 2025 Q4 comparative table; 2024-vs-2023 growth not in this source.
ODFL_FY2024_Q4_2024-12-31,Old Dominion Freight Line,2024-12-31,weight_per_shipment_lbs,1501,LTL weight per shipment (lbs.) / Composite weight per shipment,2026-02-04,Prior-year quarter column in 2025 Q4 comparative tables,https://www.sec.gov/Archives/edgar/data/878927/000119312526036791/odfl-ex99_1.htm,outputs\phase1b_ltl_peer_panel\sources\ODFL_2025_Q4_SEC_ex99_1.htm,Reported,High,Values sourced from prior-year column in 2025 Q4 comparative table; 2024-vs-2023 growth not in this source.
ODFL_FY2024_Q4_2024-12-31,Old Dominion Freight Line,2024-12-31,revenue_per_shipment,481.91,LTL revenue per shipment / Composite revenue per shipment,2026-02-04,Prior-year quarter column in 2025 Q4 comparative tables,https://www.sec.gov/Archives/edgar/data/878927/000119312526036791/odfl-ex99_1.htm,outputs\phase1b_ltl_peer_panel\sources\ODFL_2025_Q4_SEC_ex99_1.htm,Reported,High,Values sourced from prior-year column in 2025 Q4 comparative table; 2024-vs-2023 growth not in this source.
ODFL_FY2024_Q4_2024-12-31,Old Dominion Freight Line,2024-12-31,revenue_per_shipment_ex_fuel,413.21,LTL revenue per shipment excluding fuel surcharge,2026-02-04,Prior-year quarter column in 2025 Q4 comparative tables,https://www.sec.gov/Archives/edgar/data/878927/000119312526036791/odfl-ex99_1.htm,outputs\phase1b_ltl_peer_panel\sources\ODFL_2025_Q4_SEC_ex99_1.htm,Reported,High,Values sourced from prior-year column in 2025 Q4 comparative table; 2024-vs-2023 growth not in this source.
ODFL_FY2024_Q4_2024-12-31,Old Dominion Freight Line,2024-12-31,revenue_per_cwt,32.1,LTL revenue per hundredweight / Composite revenue per hundredweight,2026-02-04,Prior-year quarter column in 2025 Q4 comparative tables,https://www.sec.gov/Archives/edgar/data/878927/000119312526036791/odfl-ex99_1.htm,outputs\phase1b_ltl_peer_panel\sources\ODFL_2025_Q4_SEC_ex99_1.htm,Reported,High,Values sourced from prior-year column in 2025 Q4 comparative table; 2024-vs-2023 growth not in this source.
ODFL_FY2024_Q4_2024-12-31,Old Dominion Freight Line,2024-12-31,revenue_per_cwt_ex_fuel,27.52,LTL revenue per hundredweight excluding fuel surcharge,2026-02-04,Prior-year quarter column in 2025 Q4 comparative tables,https://www.sec.gov/Archives/edgar/data/878927/000119312526036791/odfl-ex99_1.htm,outputs\phase1b_ltl_peer_panel\sources\ODFL_2025_Q4_SEC_ex99_1.htm,Reported,High,Values sourced from prior-year column in 2025 Q4 comparative table; 2024-vs-2023 growth not in this source.
ODFL_FY2025_Q1_2025-03-31,Old Dominion Freight Line,2025-03-31,revenue_m,1374.858,Revenue / Operating Revenue / Segment revenue,2025-04-23,Quarterly financial and operating statistics tables,https://www.sec.gov/Archives/edgar/data/878927/000095017025056982/odfl-ex99_1.htm,outputs\phase1b_ltl_peer_panel\sources\ODFL_2025_Q1_SEC_ex99_1.htm,Reported,High,ODFL single LTL segment; company reports operating ratio and daily metrics.
ODFL_FY2025_Q1_2025-03-31,Old Dominion Freight Line,2025-03-31,operating_income_m,338.055,Operating income / Operating Income,2025-04-23,Quarterly financial and operating statistics tables,https://www.sec.gov/Archives/edgar/data/878927/000095017025056982/odfl-ex99_1.htm,outputs\phase1b_ltl_peer_panel\sources\ODFL_2025_Q1_SEC_ex99_1.htm,Reported,High,ODFL single LTL segment; company reports operating ratio and daily metrics.
ODFL_FY2025_Q1_2025-03-31,Old Dominion Freight Line,2025-03-31,operating_margin_pct,24.6,Operating margin / derived from operating ratio where applicable,2025-04-23,Quarterly financial and operating statistics tables,https://www.sec.gov/Archives/edgar/data/878927/000095017025056982/odfl-ex99_1.htm,outputs\phase1b_ltl_peer_panel\sources\ODFL_2025_Q1_SEC_ex99_1.htm,Reported or algebraic complement when only reciprocal ratio is reported,High,ODFL single LTL segment; company reports operating ratio and daily metrics.
ODFL_FY2025_Q1_2025-03-31,Old Dominion Freight Line,2025-03-31,operating_ratio_pct,75.4,Operating ratio / derived from operating margin where applicable,2025-04-23,Quarterly financial and operating statistics tables,https://www.sec.gov/Archives/edgar/data/878927/000095017025056982/odfl-ex99_1.htm,outputs\phase1b_ltl_peer_panel\sources\ODFL_2025_Q1_SEC_ex99_1.htm,Reported or algebraic complement when only reciprocal ratio is reported,High,ODFL single LTL segment; company reports operating ratio and daily metrics.
ODFL_FY2025_Q1_2025-03-31,Old Dominion Freight Line,2025-03-31,avg_daily_shipments,44566,LTL shipments per day / Total average daily shipments / Shipments per day,2025-04-23,Quarterly financial and operating statistics tables,https://www.sec.gov/Archives/edgar/data/878927/000095017025056982/odfl-ex99_1.htm,outputs\phase1b_ltl_peer_panel\sources\ODFL_2025_Q1_SEC_ex99_1.htm,Reported,High,ODFL single LTL segment; company reports operating ratio and daily metrics.
ODFL_FY2025_Q1_2025-03-31,Old Dominion Freight Line,2025-03-31,shipments_yoy_pct,-5.0,LTL shipments per day change / Total average daily shipments change,2025-04-23,Quarterly financial and operating statistics tables,https://www.sec.gov/Archives/edgar/data/878927/000095017025056982/odfl-ex99_1.htm,outputs\phase1b_ltl_peer_panel\sources\ODFL_2025_Q1_SEC_ex99_1.htm,Reported,High,ODFL single LTL segment; company reports operating ratio and daily metrics.
ODFL_FY2025_Q1_2025-03-31,Old Dominion Freight Line,2025-03-31,tonnage_per_day,33135,LTL tonnage per day / pounds per day converted to tons,2025-04-23,Quarterly financial and operating statistics tables,https://www.sec.gov/Archives/edgar/data/878927/000095017025056982/odfl-ex99_1.htm,outputs\phase1b_ltl_peer_panel\sources\ODFL_2025_Q1_SEC_ex99_1.htm,Reported,High,ODFL single LTL segment; company reports operating ratio and daily metrics.
ODFL_FY2025_Q1_2025-03-31,Old Dominion Freight Line,2025-03-31,tonnage_yoy_pct,-6.3,LTL tonnage per day change / pounds per day change,2025-04-23,Quarterly financial and operating statistics tables,https://www.sec.gov/Archives/edgar/data/878927/000095017025056982/odfl-ex99_1.htm,outputs\phase1b_ltl_peer_panel\sources\ODFL_2025_Q1_SEC_ex99_1.htm,Reported,High,ODFL single LTL segment; company reports operating ratio and daily metrics.
ODFL_FY2025_Q1_2025-03-31,Old Dominion Freight Line,2025-03-31,weight_per_shipment_lbs,1487,LTL weight per shipment (lbs.) / Composite weight per shipment,2025-04-23,Quarterly financial and operating statistics tables,https://www.sec.gov/Archives/edgar/data/878927/000095017025056982/odfl-ex99_1.htm,outputs\phase1b_ltl_peer_panel\sources\ODFL_2025_Q1_SEC_ex99_1.htm,Reported,High,ODFL single LTL segment; company reports operating ratio and daily metrics.
ODFL_FY2025_Q1_2025-03-31,Old Dominion Freight Line,2025-03-31,weight_per_shipment_yoy_pct,-1.4,Weight per shipment year-over-year change,2025-04-23,Quarterly financial and operating statistics tables,https://www.sec.gov/Archives/edgar/data/878927/000095017025056982/odfl-ex99_1.htm,outputs\phase1b_ltl_peer_panel\sources\ODFL_2025_Q1_SEC_ex99_1.htm,Reported,High,ODFL single LTL segment; company reports operating ratio and daily metrics.
ODFL_FY2025_Q1_2025-03-31,Old Dominion Freight Line,2025-03-31,revenue_per_shipment,485.79,LTL revenue per shipment / Composite revenue per shipment,2025-04-23,Quarterly financial and operating statistics tables,https://www.sec.gov/Archives/edgar/data/878927/000095017025056982/odfl-ex99_1.htm,outputs\phase1b_ltl_peer_panel\sources\ODFL_2025_Q1_SEC_ex99_1.htm,Reported,High,ODFL single LTL segment; company reports operating ratio and daily metrics.
ODFL_FY2025_Q1_2025-03-31,Old Dominion Freight Line,2025-03-31,revenue_per_shipment_yoy_pct,0.7,Revenue per shipment year-over-year change,2025-04-23,Quarterly financial and operating statistics tables,https://www.sec.gov/Archives/edgar/data/878927/000095017025056982/odfl-ex99_1.htm,outputs\phase1b_ltl_peer_panel\sources\ODFL_2025_Q1_SEC_ex99_1.htm,Reported,High,ODFL single LTL segment; company reports operating ratio and daily metrics.
ODFL_FY2025_Q1_2025-03-31,Old Dominion Freight Line,2025-03-31,revenue_per_shipment_ex_fuel,414.68,LTL revenue per shipment excluding fuel surcharge,2025-04-23,Quarterly financial and operating statistics tables,https://www.sec.gov/Archives/edgar/data/878927/000095017025056982/odfl-ex99_1.htm,outputs\phase1b_ltl_peer_panel\sources\ODFL_2025_Q1_SEC_ex99_1.htm,Reported,High,ODFL single LTL segment; company reports operating ratio and daily metrics.
ODFL_FY2025_Q1_2025-03-31,Old Dominion Freight Line,2025-03-31,revenue_per_shipment_ex_fuel_yoy_pct,2.7,Revenue per shipment excluding fuel surcharge year-over-year change,2025-04-23,Quarterly financial and operating statistics tables,https://www.sec.gov/Archives/edgar/data/878927/000095017025056982/odfl-ex99_1.htm,outputs\phase1b_ltl_peer_panel\sources\ODFL_2025_Q1_SEC_ex99_1.htm,Reported,High,ODFL single LTL segment; company reports operating ratio and daily metrics.
ODFL_FY2025_Q1_2025-03-31,Old Dominion Freight Line,2025-03-31,revenue_per_cwt,32.67,LTL revenue per hundredweight / Composite revenue per hundredweight,2025-04-23,Quarterly financial and operating statistics tables,https://www.sec.gov/Archives/edgar/data/878927/000095017025056982/odfl-ex99_1.htm,outputs\phase1b_ltl_peer_panel\sources\ODFL_2025_Q1_SEC_ex99_1.htm,Reported,High,ODFL single LTL segment; company reports operating ratio and daily metrics.
ODFL_FY2025_Q1_2025-03-31,Old Dominion Freight Line,2025-03-31,revenue_per_cwt_yoy_pct,2.2,Revenue per hundredweight year-over-year change,2025-04-23,Quarterly financial and operating statistics tables,https://www.sec.gov/Archives/edgar/data/878927/000095017025056982/odfl-ex99_1.htm,outputs\phase1b_ltl_peer_panel\sources\ODFL_2025_Q1_SEC_ex99_1.htm,Reported,High,ODFL single LTL segment; company reports operating ratio and daily metrics.
ODFL_FY2025_Q1_2025-03-31,Old Dominion Freight Line,2025-03-31,revenue_per_cwt_ex_fuel,27.89,LTL revenue per hundredweight excluding fuel surcharge,2025-04-23,Quarterly financial and operating statistics tables,https://www.sec.gov/Archives/edgar/data/878927/000095017025056982/odfl-ex99_1.htm,outputs\phase1b_ltl_peer_panel\sources\ODFL_2025_Q1_SEC_ex99_1.htm,Reported,High,ODFL single LTL segment; company reports operating ratio and daily metrics.
ODFL_FY2025_Q1_2025-03-31,Old Dominion Freight Line,2025-03-31,revenue_per_cwt_ex_fuel_yoy_pct,4.1,Revenue per hundredweight excluding fuel surcharge year-over-year change,2025-04-23,Quarterly financial and operating statistics tables,https://www.sec.gov/Archives/edgar/data/878927/000095017025056982/odfl-ex99_1.htm,outputs\phase1b_ltl_peer_panel\sources\ODFL_2025_Q1_SEC_ex99_1.htm,Reported,High,ODFL single LTL segment; company reports operating ratio and daily metrics.
ODFL_FY2025_Q1_2025-03-31,Old Dominion Freight Line,2025-03-31,yield_ex_fuel_reported,4.1,Yield excluding fuel surcharge growth where source uses yield language,2025-04-23,Quarterly financial and operating statistics tables,https://www.sec.gov/Archives/edgar/data/878927/000095017025056982/odfl-ex99_1.htm,outputs\phase1b_ltl_peer_panel\sources\ODFL_2025_Q1_SEC_ex99_1.htm,Reported,High,ODFL single LTL segment; company reports operating ratio and daily metrics.
ODFL_FY2025_Q2_2025-06-30,Old Dominion Freight Line,2025-06-30,revenue_m,1407.724,Revenue / Operating Revenue / Segment revenue,2025-07-23,Quarterly financial and operating statistics tables,https://www.sec.gov/Archives/edgar/data/878927/000095017025099899/odfl-ex99_1.htm,outputs\phase1b_ltl_peer_panel\sources\ODFL_2025_Q2_SEC_ex99_1.htm,Reported,High,ODFL single LTL segment; company reports operating ratio and daily metrics.
ODFL_FY2025_Q2_2025-06-30,Old Dominion Freight Line,2025-06-30,operating_income_m,357.895,Operating income / Operating Income,2025-07-23,Quarterly financial and operating statistics tables,https://www.sec.gov/Archives/edgar/data/878927/000095017025099899/odfl-ex99_1.htm,outputs\phase1b_ltl_peer_panel\sources\ODFL_2025_Q2_SEC_ex99_1.htm,Reported,High,ODFL single LTL segment; company reports operating ratio and daily metrics.
ODFL_FY2025_Q2_2025-06-30,Old Dominion Freight Line,2025-06-30,operating_margin_pct,25.4,Operating margin / derived from operating ratio where applicable,2025-07-23,Quarterly financial and operating statistics tables,https://www.sec.gov/Archives/edgar/data/878927/000095017025099899/odfl-ex99_1.htm,outputs\phase1b_ltl_peer_panel\sources\ODFL_2025_Q2_SEC_ex99_1.htm,Reported or algebraic complement when only reciprocal ratio is reported,High,ODFL single LTL segment; company reports operating ratio and daily metrics.
ODFL_FY2025_Q2_2025-06-30,Old Dominion Freight Line,2025-06-30,operating_ratio_pct,74.6,Operating ratio / derived from operating margin where applicable,2025-07-23,Quarterly financial and operating statistics tables,https://www.sec.gov/Archives/edgar/data/878927/000095017025099899/odfl-ex99_1.htm,outputs\phase1b_ltl_peer_panel\sources\ODFL_2025_Q2_SEC_ex99_1.htm,Reported or algebraic complement when only reciprocal ratio is reported,High,ODFL single LTL segment; company reports operating ratio and daily metrics.
ODFL_FY2025_Q2_2025-06-30,Old Dominion Freight Line,2025-06-30,avg_daily_shipments,44907,LTL shipments per day / Total average daily shipments / Shipments per day,2025-07-23,Quarterly financial and operating statistics tables,https://www.sec.gov/Archives/edgar/data/878927/000095017025099899/odfl-ex99_1.htm,outputs\phase1b_ltl_peer_panel\sources\ODFL_2025_Q2_SEC_ex99_1.htm,Reported,High,ODFL single LTL segment; company reports operating ratio and daily metrics.
ODFL_FY2025_Q2_2025-06-30,Old Dominion Freight Line,2025-06-30,shipments_yoy_pct,-7.3,LTL shipments per day change / Total average daily shipments change,2025-07-23,Quarterly financial and operating statistics tables,https://www.sec.gov/Archives/edgar/data/878927/000095017025099899/odfl-ex99_1.htm,outputs\phase1b_ltl_peer_panel\sources\ODFL_2025_Q2_SEC_ex99_1.htm,Reported,High,ODFL single LTL segment; company reports operating ratio and daily metrics.
ODFL_FY2025_Q2_2025-06-30,Old Dominion Freight Line,2025-06-30,tonnage_per_day,33178,LTL tonnage per day / pounds per day converted to tons,2025-07-23,Quarterly financial and operating statistics tables,https://www.sec.gov/Archives/edgar/data/878927/000095017025099899/odfl-ex99_1.htm,outputs\phase1b_ltl_peer_panel\sources\ODFL_2025_Q2_SEC_ex99_1.htm,Reported,High,ODFL single LTL segment; company reports operating ratio and daily metrics.
ODFL_FY2025_Q2_2025-06-30,Old Dominion Freight Line,2025-06-30,tonnage_yoy_pct,-9.3,LTL tonnage per day change / pounds per day change,2025-07-23,Quarterly financial and operating statistics tables,https://www.sec.gov/Archives/edgar/data/878927/000095017025099899/odfl-ex99_1.htm,outputs\phase1b_ltl_peer_panel\sources\ODFL_2025_Q2_SEC_ex99_1.htm,Reported,High,ODFL single LTL segment; company reports operating ratio and daily metrics.
ODFL_FY2025_Q2_2025-06-30,Old Dominion Freight Line,2025-06-30,weight_per_shipment_lbs,1478,LTL weight per shipment (lbs.) / Composite weight per shipment,2025-07-23,Quarterly financial and operating statistics tables,https://www.sec.gov/Archives/edgar/data/878927/000095017025099899/odfl-ex99_1.htm,outputs\phase1b_ltl_peer_panel\sources\ODFL_2025_Q2_SEC_ex99_1.htm,Reported,High,ODFL single LTL segment; company reports operating ratio and daily metrics.
ODFL_FY2025_Q2_2025-06-30,Old Dominion Freight Line,2025-06-30,weight_per_shipment_yoy_pct,-2.1,Weight per shipment year-over-year change,2025-07-23,Quarterly financial and operating statistics tables,https://www.sec.gov/Archives/edgar/data/878927/000095017025099899/odfl-ex99_1.htm,outputs\phase1b_ltl_peer_panel\sources\ODFL_2025_Q2_SEC_ex99_1.htm,Reported,High,ODFL single LTL segment; company reports operating ratio and daily metrics.
ODFL_FY2025_Q2_2025-06-30,Old Dominion Freight Line,2025-06-30,revenue_per_shipment,485.31,LTL revenue per shipment / Composite revenue per shipment,2025-07-23,Quarterly financial and operating statistics tables,https://www.sec.gov/Archives/edgar/data/878927/000095017025099899/odfl-ex99_1.htm,outputs\phase1b_ltl_peer_panel\sources\ODFL_2025_Q2_SEC_ex99_1.htm,Reported,High,ODFL single LTL segment; company reports operating ratio and daily metrics.
ODFL_FY2025_Q2_2025-06-30,Old Dominion Freight Line,2025-06-30,revenue_per_shipment_yoy_pct,1.2,Revenue per shipment year-over-year change,2025-07-23,Quarterly financial and operating statistics tables,https://www.sec.gov/Archives/edgar/data/878927/000095017025099899/odfl-ex99_1.htm,outputs\phase1b_ltl_peer_panel\sources\ODFL_2025_Q2_SEC_ex99_1.htm,Reported,High,ODFL single LTL segment; company reports operating ratio and daily metrics.
ODFL_FY2025_Q2_2025-06-30,Old Dominion Freight Line,2025-06-30,revenue_per_shipment_ex_fuel,416.31,LTL revenue per shipment excluding fuel surcharge,2025-07-23,Quarterly financial and operating statistics tables,https://www.sec.gov/Archives/edgar/data/878927/000095017025099899/odfl-ex99_1.htm,outputs\phase1b_ltl_peer_panel\sources\ODFL_2025_Q2_SEC_ex99_1.htm,Reported,High,ODFL single LTL segment; company reports operating ratio and daily metrics.
ODFL_FY2025_Q2_2025-06-30,Old Dominion Freight Line,2025-06-30,revenue_per_shipment_ex_fuel_yoy_pct,3.1,Revenue per shipment excluding fuel surcharge year-over-year change,2025-07-23,Quarterly financial and operating statistics tables,https://www.sec.gov/Archives/edgar/data/878927/000095017025099899/odfl-ex99_1.htm,outputs\phase1b_ltl_peer_panel\sources\ODFL_2025_Q2_SEC_ex99_1.htm,Reported,High,ODFL single LTL segment; company reports operating ratio and daily metrics.
ODFL_FY2025_Q2_2025-06-30,Old Dominion Freight Line,2025-06-30,revenue_per_cwt,32.84,LTL revenue per hundredweight / Composite revenue per hundredweight,2025-07-23,Quarterly financial and operating statistics tables,https://www.sec.gov/Archives/edgar/data/878927/000095017025099899/odfl-ex99_1.htm,outputs\phase1b_ltl_peer_panel\sources\ODFL_2025_Q2_SEC_ex99_1.htm,Reported,High,ODFL single LTL segment; company reports operating ratio and daily metrics.
ODFL_FY2025_Q2_2025-06-30,Old Dominion Freight Line,2025-06-30,revenue_per_cwt_yoy_pct,3.4,Revenue per hundredweight year-over-year change,2025-07-23,Quarterly financial and operating statistics tables,https://www.sec.gov/Archives/edgar/data/878927/000095017025099899/odfl-ex99_1.htm,outputs\phase1b_ltl_peer_panel\sources\ODFL_2025_Q2_SEC_ex99_1.htm,Reported,High,ODFL single LTL segment; company reports operating ratio and daily metrics.
ODFL_FY2025_Q2_2025-06-30,Old Dominion Freight Line,2025-06-30,revenue_per_cwt_ex_fuel,28.17,LTL revenue per hundredweight excluding fuel surcharge,2025-07-23,Quarterly financial and operating statistics tables,https://www.sec.gov/Archives/edgar/data/878927/000095017025099899/odfl-ex99_1.htm,outputs\phase1b_ltl_peer_panel\sources\ODFL_2025_Q2_SEC_ex99_1.htm,Reported,High,ODFL single LTL segment; company reports operating ratio and daily metrics.
ODFL_FY2025_Q2_2025-06-30,Old Dominion Freight Line,2025-06-30,revenue_per_cwt_ex_fuel_yoy_pct,5.3,Revenue per hundredweight excluding fuel surcharge year-over-year change,2025-07-23,Quarterly financial and operating statistics tables,https://www.sec.gov/Archives/edgar/data/878927/000095017025099899/odfl-ex99_1.htm,outputs\phase1b_ltl_peer_panel\sources\ODFL_2025_Q2_SEC_ex99_1.htm,Reported,High,ODFL single LTL segment; company reports operating ratio and daily metrics.
ODFL_FY2025_Q2_2025-06-30,Old Dominion Freight Line,2025-06-30,yield_ex_fuel_reported,5.3,Yield excluding fuel surcharge growth where source uses yield language,2025-07-23,Quarterly financial and operating statistics tables,https://www.sec.gov/Archives/edgar/data/878927/000095017025099899/odfl-ex99_1.htm,outputs\phase1b_ltl_peer_panel\sources\ODFL_2025_Q2_SEC_ex99_1.htm,Reported,High,ODFL single LTL segment; company reports operating ratio and daily metrics.
ODFL_FY2025_Q3_2025-09-30,Old Dominion Freight Line,2025-09-30,revenue_m,1406.511,Revenue / Operating Revenue / Segment revenue,2025-10-22,Quarterly financial and operating statistics tables,https://ir.odfl.com/sec-filings/all-sec-filings/content/0001193125-25-255040/odfl-ex99_1.htm,outputs\phase1b_ltl_peer_panel\sources\ODFL_2025_Q3_IR_SEC_ex99_1.htm,Reported,High,ODFL single LTL segment; company reports operating ratio and daily metrics.
ODFL_FY2025_Q3_2025-09-30,Old Dominion Freight Line,2025-09-30,operating_income_m,360.844,Operating income / Operating Income,2025-10-22,Quarterly financial and operating statistics tables,https://ir.odfl.com/sec-filings/all-sec-filings/content/0001193125-25-255040/odfl-ex99_1.htm,outputs\phase1b_ltl_peer_panel\sources\ODFL_2025_Q3_IR_SEC_ex99_1.htm,Reported,High,ODFL single LTL segment; company reports operating ratio and daily metrics.
ODFL_FY2025_Q3_2025-09-30,Old Dominion Freight Line,2025-09-30,operating_margin_pct,25.7,Operating margin / derived from operating ratio where applicable,2025-10-22,Quarterly financial and operating statistics tables,https://ir.odfl.com/sec-filings/all-sec-filings/content/0001193125-25-255040/odfl-ex99_1.htm,outputs\phase1b_ltl_peer_panel\sources\ODFL_2025_Q3_IR_SEC_ex99_1.htm,Reported or algebraic complement when only reciprocal ratio is reported,High,ODFL single LTL segment; company reports operating ratio and daily metrics.
ODFL_FY2025_Q3_2025-09-30,Old Dominion Freight Line,2025-09-30,operating_ratio_pct,74.3,Operating ratio / derived from operating margin where applicable,2025-10-22,Quarterly financial and operating statistics tables,https://ir.odfl.com/sec-filings/all-sec-filings/content/0001193125-25-255040/odfl-ex99_1.htm,outputs\phase1b_ltl_peer_panel\sources\ODFL_2025_Q3_IR_SEC_ex99_1.htm,Reported or algebraic complement when only reciprocal ratio is reported,High,ODFL single LTL segment; company reports operating ratio and daily metrics.
ODFL_FY2025_Q3_2025-09-30,Old Dominion Freight Line,2025-09-30,avg_daily_shipments,44201,LTL shipments per day / Total average daily shipments / Shipments per day,2025-10-22,Quarterly financial and operating statistics tables,https://ir.odfl.com/sec-filings/all-sec-filings/content/0001193125-25-255040/odfl-ex99_1.htm,outputs\phase1b_ltl_peer_panel\sources\ODFL_2025_Q3_IR_SEC_ex99_1.htm,Reported,High,ODFL single LTL segment; company reports operating ratio and daily metrics.
ODFL_FY2025_Q3_2025-09-30,Old Dominion Freight Line,2025-09-30,shipments_yoy_pct,-7.9,LTL shipments per day change / Total average daily shipments change,2025-10-22,Quarterly financial and operating statistics tables,https://ir.odfl.com/sec-filings/all-sec-filings/content/0001193125-25-255040/odfl-ex99_1.htm,outputs\phase1b_ltl_peer_panel\sources\ODFL_2025_Q3_IR_SEC_ex99_1.htm,Reported,High,ODFL single LTL segment; company reports operating ratio and daily metrics.
ODFL_FY2025_Q3_2025-09-30,Old Dominion Freight Line,2025-09-30,tonnage_per_day,32231,LTL tonnage per day / pounds per day converted to tons,2025-10-22,Quarterly financial and operating statistics tables,https://ir.odfl.com/sec-filings/all-sec-filings/content/0001193125-25-255040/odfl-ex99_1.htm,outputs\phase1b_ltl_peer_panel\sources\ODFL_2025_Q3_IR_SEC_ex99_1.htm,Reported,High,ODFL single LTL segment; company reports operating ratio and daily metrics.
ODFL_FY2025_Q3_2025-09-30,Old Dominion Freight Line,2025-09-30,tonnage_yoy_pct,-9.0,LTL tonnage per day change / pounds per day change,2025-10-22,Quarterly financial and operating statistics tables,https://ir.odfl.com/sec-filings/all-sec-filings/content/0001193125-25-255040/odfl-ex99_1.htm,outputs\phase1b_ltl_peer_panel\sources\ODFL_2025_Q3_IR_SEC_ex99_1.htm,Reported,High,ODFL single LTL segment; company reports operating ratio and daily metrics.
ODFL_FY2025_Q3_2025-09-30,Old Dominion Freight Line,2025-09-30,weight_per_shipment_lbs,1458,LTL weight per shipment (lbs.) / Composite weight per shipment,2025-10-22,Quarterly financial and operating statistics tables,https://ir.odfl.com/sec-filings/all-sec-filings/content/0001193125-25-255040/odfl-ex99_1.htm,outputs\phase1b_ltl_peer_panel\sources\ODFL_2025_Q3_IR_SEC_ex99_1.htm,Reported,High,ODFL single LTL segment; company reports operating ratio and daily metrics.
ODFL_FY2025_Q3_2025-09-30,Old Dominion Freight Line,2025-09-30,weight_per_shipment_yoy_pct,-1.2,Weight per shipment year-over-year change,2025-10-22,Quarterly financial and operating statistics tables,https://ir.odfl.com/sec-filings/all-sec-filings/content/0001193125-25-255040/odfl-ex99_1.htm,outputs\phase1b_ltl_peer_panel\sources\ODFL_2025_Q3_IR_SEC_ex99_1.htm,Reported,High,ODFL single LTL segment; company reports operating ratio and daily metrics.
ODFL_FY2025_Q3_2025-09-30,Old Dominion Freight Line,2025-09-30,revenue_per_shipment,494.17,LTL revenue per shipment / Composite revenue per shipment,2025-10-22,Quarterly financial and operating statistics tables,https://ir.odfl.com/sec-filings/all-sec-filings/content/0001193125-25-255040/odfl-ex99_1.htm,outputs\phase1b_ltl_peer_panel\sources\ODFL_2025_Q3_IR_SEC_ex99_1.htm,Reported,High,ODFL single LTL segment; company reports operating ratio and daily metrics.
ODFL_FY2025_Q3_2025-09-30,Old Dominion Freight Line,2025-09-30,revenue_per_shipment_yoy_pct,3.4,Revenue per shipment year-over-year change,2025-10-22,Quarterly financial and operating statistics tables,https://ir.odfl.com/sec-filings/all-sec-filings/content/0001193125-25-255040/odfl-ex99_1.htm,outputs\phase1b_ltl_peer_panel\sources\ODFL_2025_Q3_IR_SEC_ex99_1.htm,Reported,High,ODFL single LTL segment; company reports operating ratio and daily metrics.
ODFL_FY2025_Q3_2025-09-30,Old Dominion Freight Line,2025-09-30,revenue_per_shipment_ex_fuel,419.67,LTL revenue per shipment excluding fuel surcharge,2025-10-22,Quarterly financial and operating statistics tables,https://ir.odfl.com/sec-filings/all-sec-filings/content/0001193125-25-255040/odfl-ex99_1.htm,outputs\phase1b_ltl_peer_panel\sources\ODFL_2025_Q3_IR_SEC_ex99_1.htm,Reported,High,ODFL single LTL segment; company reports operating ratio and daily metrics.
ODFL_FY2025_Q3_2025-09-30,Old Dominion Freight Line,2025-09-30,revenue_per_shipment_ex_fuel_yoy_pct,3.4,Revenue per shipment excluding fuel surcharge year-over-year change,2025-10-22,Quarterly financial and operating statistics tables,https://ir.odfl.com/sec-filings/all-sec-filings/content/0001193125-25-255040/odfl-ex99_1.htm,outputs\phase1b_ltl_peer_panel\sources\ODFL_2025_Q3_IR_SEC_ex99_1.htm,Reported,High,ODFL single LTL segment; company reports operating ratio and daily metrics.
ODFL_FY2025_Q3_2025-09-30,Old Dominion Freight Line,2025-09-30,revenue_per_cwt,33.88,LTL revenue per hundredweight / Composite revenue per hundredweight,2025-10-22,Quarterly financial and operating statistics tables,https://ir.odfl.com/sec-filings/all-sec-filings/content/0001193125-25-255040/odfl-ex99_1.htm,outputs\phase1b_ltl_peer_panel\sources\ODFL_2025_Q3_IR_SEC_ex99_1.htm,Reported,High,ODFL single LTL segment; company reports operating ratio and daily metrics.
ODFL_FY2025_Q3_2025-09-30,Old Dominion Freight Line,2025-09-30,revenue_per_cwt_yoy_pct,4.7,Revenue per hundredweight year-over-year change,2025-10-22,Quarterly financial and operating statistics tables,https://ir.odfl.com/sec-filings/all-sec-filings/content/0001193125-25-255040/odfl-ex99_1.htm,outputs\phase1b_ltl_peer_panel\sources\ODFL_2025_Q3_IR_SEC_ex99_1.htm,Reported,High,ODFL single LTL segment; company reports operating ratio and daily metrics.
ODFL_FY2025_Q3_2025-09-30,Old Dominion Freight Line,2025-09-30,revenue_per_cwt_ex_fuel,28.78,LTL revenue per hundredweight excluding fuel surcharge,2025-10-22,Quarterly financial and operating statistics tables,https://ir.odfl.com/sec-filings/all-sec-filings/content/0001193125-25-255040/odfl-ex99_1.htm,outputs\phase1b_ltl_peer_panel\sources\ODFL_2025_Q3_IR_SEC_ex99_1.htm,Reported,High,ODFL single LTL segment; company reports operating ratio and daily metrics.
ODFL_FY2025_Q3_2025-09-30,Old Dominion Freight Line,2025-09-30,revenue_per_cwt_ex_fuel_yoy_pct,4.7,Revenue per hundredweight excluding fuel surcharge year-over-year change,2025-10-22,Quarterly financial and operating statistics tables,https://ir.odfl.com/sec-filings/all-sec-filings/content/0001193125-25-255040/odfl-ex99_1.htm,outputs\phase1b_ltl_peer_panel\sources\ODFL_2025_Q3_IR_SEC_ex99_1.htm,Reported,High,ODFL single LTL segment; company reports operating ratio and daily metrics.
ODFL_FY2025_Q3_2025-09-30,Old Dominion Freight Line,2025-09-30,yield_ex_fuel_reported,4.7,Yield excluding fuel surcharge growth where source uses yield language,2025-10-22,Quarterly financial and operating statistics tables,https://ir.odfl.com/sec-filings/all-sec-filings/content/0001193125-25-255040/odfl-ex99_1.htm,outputs\phase1b_ltl_peer_panel\sources\ODFL_2025_Q3_IR_SEC_ex99_1.htm,Reported,High,ODFL single LTL segment; company reports operating ratio and daily metrics.
ODFL_FY2025_Q4_2025-12-31,Old Dominion Freight Line,2025-12-31,revenue_m,1307.296,Revenue / Operating Revenue / Segment revenue,2026-02-04,Quarterly financial and operating statistics tables,https://www.sec.gov/Archives/edgar/data/878927/000119312526036791/odfl-ex99_1.htm,outputs\phase1b_ltl_peer_panel\sources\ODFL_2025_Q4_SEC_ex99_1.htm,Reported,High,ODFL single LTL segment; company reports operating ratio and daily metrics.
ODFL_FY2025_Q4_2025-12-31,Old Dominion Freight Line,2025-12-31,operating_income_m,304.251,Operating income / Operating Income,2026-02-04,Quarterly financial and operating statistics tables,https://www.sec.gov/Archives/edgar/data/878927/000119312526036791/odfl-ex99_1.htm,outputs\phase1b_ltl_peer_panel\sources\ODFL_2025_Q4_SEC_ex99_1.htm,Reported,High,ODFL single LTL segment; company reports operating ratio and daily metrics.
ODFL_FY2025_Q4_2025-12-31,Old Dominion Freight Line,2025-12-31,operating_margin_pct,23.3,Operating margin / derived from operating ratio where applicable,2026-02-04,Quarterly financial and operating statistics tables,https://www.sec.gov/Archives/edgar/data/878927/000119312526036791/odfl-ex99_1.htm,outputs\phase1b_ltl_peer_panel\sources\ODFL_2025_Q4_SEC_ex99_1.htm,Reported or algebraic complement when only reciprocal ratio is reported,High,ODFL single LTL segment; company reports operating ratio and daily metrics.
ODFL_FY2025_Q4_2025-12-31,Old Dominion Freight Line,2025-12-31,operating_ratio_pct,76.7,Operating ratio / derived from operating margin where applicable,2026-02-04,Quarterly financial and operating statistics tables,https://www.sec.gov/Archives/edgar/data/878927/000119312526036791/odfl-ex99_1.htm,outputs\phase1b_ltl_peer_panel\sources\ODFL_2025_Q4_SEC_ex99_1.htm,Reported or algebraic complement when only reciprocal ratio is reported,High,ODFL single LTL segment; company reports operating ratio and daily metrics.
ODFL_FY2025_Q4_2025-12-31,Old Dominion Freight Line,2025-12-31,avg_daily_shipments,41308,LTL shipments per day / Total average daily shipments / Shipments per day,2026-02-04,Quarterly financial and operating statistics tables,https://www.sec.gov/Archives/edgar/data/878927/000119312526036791/odfl-ex99_1.htm,outputs\phase1b_ltl_peer_panel\sources\ODFL_2025_Q4_SEC_ex99_1.htm,Reported,High,ODFL single LTL segment; company reports operating ratio and daily metrics.
ODFL_FY2025_Q4_2025-12-31,Old Dominion Freight Line,2025-12-31,shipments_yoy_pct,-9.7,LTL shipments per day change / Total average daily shipments change,2026-02-04,Quarterly financial and operating statistics tables,https://www.sec.gov/Archives/edgar/data/878927/000119312526036791/odfl-ex99_1.htm,outputs\phase1b_ltl_peer_panel\sources\ODFL_2025_Q4_SEC_ex99_1.htm,Reported,High,ODFL single LTL segment; company reports operating ratio and daily metrics.
ODFL_FY2025_Q4_2025-12-31,Old Dominion Freight Line,2025-12-31,tonnage_per_day,30691,LTL tonnage per day / pounds per day converted to tons,2026-02-04,Quarterly financial and operating statistics tables,https://www.sec.gov/Archives/edgar/data/878927/000119312526036791/odfl-ex99_1.htm,outputs\phase1b_ltl_peer_panel\sources\ODFL_2025_Q4_SEC_ex99_1.htm,Reported,High,ODFL single LTL segment; company reports operating ratio and daily metrics.
ODFL_FY2025_Q4_2025-12-31,Old Dominion Freight Line,2025-12-31,tonnage_yoy_pct,-10.7,LTL tonnage per day change / pounds per day change,2026-02-04,Quarterly financial and operating statistics tables,https://www.sec.gov/Archives/edgar/data/878927/000119312526036791/odfl-ex99_1.htm,outputs\phase1b_ltl_peer_panel\sources\ODFL_2025_Q4_SEC_ex99_1.htm,Reported,High,ODFL single LTL segment; company reports operating ratio and daily metrics.
ODFL_FY2025_Q4_2025-12-31,Old Dominion Freight Line,2025-12-31,weight_per_shipment_lbs,1486,LTL weight per shipment (lbs.) / Composite weight per shipment,2026-02-04,Quarterly financial and operating statistics tables,https://www.sec.gov/Archives/edgar/data/878927/000119312526036791/odfl-ex99_1.htm,outputs\phase1b_ltl_peer_panel\sources\ODFL_2025_Q4_SEC_ex99_1.htm,Reported,High,ODFL single LTL segment; company reports operating ratio and daily metrics.
ODFL_FY2025_Q4_2025-12-31,Old Dominion Freight Line,2025-12-31,weight_per_shipment_yoy_pct,-1.0,Weight per shipment year-over-year change,2026-02-04,Quarterly financial and operating statistics tables,https://www.sec.gov/Archives/edgar/data/878927/000119312526036791/odfl-ex99_1.htm,outputs\phase1b_ltl_peer_panel\sources\ODFL_2025_Q4_SEC_ex99_1.htm,Reported,High,ODFL single LTL segment; company reports operating ratio and daily metrics.
ODFL_FY2025_Q4_2025-12-31,Old Dominion Freight Line,2025-12-31,revenue_per_shipment,503.95,LTL revenue per shipment / Composite revenue per shipment,2026-02-04,Quarterly financial and operating statistics tables,https://www.sec.gov/Archives/edgar/data/878927/000119312526036791/odfl-ex99_1.htm,outputs\phase1b_ltl_peer_panel\sources\ODFL_2025_Q4_SEC_ex99_1.htm,Reported,High,ODFL single LTL segment; company reports operating ratio and daily metrics.
ODFL_FY2025_Q4_2025-12-31,Old Dominion Freight Line,2025-12-31,revenue_per_shipment_yoy_pct,4.6,Revenue per shipment year-over-year change,2026-02-04,Quarterly financial and operating statistics tables,https://www.sec.gov/Archives/edgar/data/878927/000119312526036791/odfl-ex99_1.htm,outputs\phase1b_ltl_peer_panel\sources\ODFL_2025_Q4_SEC_ex99_1.htm,Reported,High,ODFL single LTL segment; company reports operating ratio and daily metrics.
ODFL_FY2025_Q4_2025-12-31,Old Dominion Freight Line,2025-12-31,revenue_per_shipment_ex_fuel,429.21,LTL revenue per shipment excluding fuel surcharge,2026-02-04,Quarterly financial and operating statistics tables,https://www.sec.gov/Archives/edgar/data/878927/000119312526036791/odfl-ex99_1.htm,outputs\phase1b_ltl_peer_panel\sources\ODFL_2025_Q4_SEC_ex99_1.htm,Reported,High,ODFL single LTL segment; company reports operating ratio and daily metrics.
ODFL_FY2025_Q4_2025-12-31,Old Dominion Freight Line,2025-12-31,revenue_per_shipment_ex_fuel_yoy_pct,3.9,Revenue per shipment excluding fuel surcharge year-over-year change,2026-02-04,Quarterly financial and operating statistics tables,https://www.sec.gov/Archives/edgar/data/878927/000119312526036791/odfl-ex99_1.htm,outputs\phase1b_ltl_peer_panel\sources\ODFL_2025_Q4_SEC_ex99_1.htm,Reported,High,ODFL single LTL segment; company reports operating ratio and daily metrics.
ODFL_FY2025_Q4_2025-12-31,Old Dominion Freight Line,2025-12-31,revenue_per_cwt,33.91,LTL revenue per hundredweight / Composite revenue per hundredweight,2026-02-04,Quarterly financial and operating statistics tables,https://www.sec.gov/Archives/edgar/data/878927/000119312526036791/odfl-ex99_1.htm,outputs\phase1b_ltl_peer_panel\sources\ODFL_2025_Q4_SEC_ex99_1.htm,Reported,High,ODFL single LTL segment; company reports operating ratio and daily metrics.
ODFL_FY2025_Q4_2025-12-31,Old Dominion Freight Line,2025-12-31,revenue_per_cwt_yoy_pct,5.6,Revenue per hundredweight year-over-year change,2026-02-04,Quarterly financial and operating statistics tables,https://www.sec.gov/Archives/edgar/data/878927/000119312526036791/odfl-ex99_1.htm,outputs\phase1b_ltl_peer_panel\sources\ODFL_2025_Q4_SEC_ex99_1.htm,Reported,High,ODFL single LTL segment; company reports operating ratio and daily metrics.
ODFL_FY2025_Q4_2025-12-31,Old Dominion Freight Line,2025-12-31,revenue_per_cwt_ex_fuel,28.88,LTL revenue per hundredweight excluding fuel surcharge,2026-02-04,Quarterly financial and operating statistics tables,https://www.sec.gov/Archives/edgar/data/878927/000119312526036791/odfl-ex99_1.htm,outputs\phase1b_ltl_peer_panel\sources\ODFL_2025_Q4_SEC_ex99_1.htm,Reported,High,ODFL single LTL segment; company reports operating ratio and daily metrics.
ODFL_FY2025_Q4_2025-12-31,Old Dominion Freight Line,2025-12-31,revenue_per_cwt_ex_fuel_yoy_pct,4.9,Revenue per hundredweight excluding fuel surcharge year-over-year change,2026-02-04,Quarterly financial and operating statistics tables,https://www.sec.gov/Archives/edgar/data/878927/000119312526036791/odfl-ex99_1.htm,outputs\phase1b_ltl_peer_panel\sources\ODFL_2025_Q4_SEC_ex99_1.htm,Reported,High,ODFL single LTL segment; company reports operating ratio and daily metrics.
ODFL_FY2025_Q4_2025-12-31,Old Dominion Freight Line,2025-12-31,yield_ex_fuel_reported,4.9,Yield excluding fuel surcharge growth where source uses yield language,2026-02-04,Quarterly financial and operating statistics tables,https://www.sec.gov/Archives/edgar/data/878927/000119312526036791/odfl-ex99_1.htm,outputs\phase1b_ltl_peer_panel\sources\ODFL_2025_Q4_SEC_ex99_1.htm,Reported,High,ODFL single LTL segment; company reports operating ratio and daily metrics.
ODFL_FY2026_Q1_2026-03-31,Old Dominion Freight Line,2026-03-31,revenue_m,1334.696,Revenue / Operating Revenue / Segment revenue,2026-04-22,Quarterly financial and operating statistics tables,https://www.sec.gov/Archives/edgar/data/878927/000087892726000009/odfl-ex99_1.htm,outputs\phase1b_ltl_peer_panel\sources\ODFL_2026_Q1_SEC_ex99_1.htm,Reported,High,ODFL single LTL segment; company reports operating ratio and daily metrics.
ODFL_FY2026_Q1_2026-03-31,Old Dominion Freight Line,2026-03-31,operating_income_m,317.341,Operating income / Operating Income,2026-04-22,Quarterly financial and operating statistics tables,https://www.sec.gov/Archives/edgar/data/878927/000087892726000009/odfl-ex99_1.htm,outputs\phase1b_ltl_peer_panel\sources\ODFL_2026_Q1_SEC_ex99_1.htm,Reported,High,ODFL single LTL segment; company reports operating ratio and daily metrics.
ODFL_FY2026_Q1_2026-03-31,Old Dominion Freight Line,2026-03-31,operating_margin_pct,23.8,Operating margin / derived from operating ratio where applicable,2026-04-22,Quarterly financial and operating statistics tables,https://www.sec.gov/Archives/edgar/data/878927/000087892726000009/odfl-ex99_1.htm,outputs\phase1b_ltl_peer_panel\sources\ODFL_2026_Q1_SEC_ex99_1.htm,Reported or algebraic complement when only reciprocal ratio is reported,High,ODFL single LTL segment; company reports operating ratio and daily metrics.
ODFL_FY2026_Q1_2026-03-31,Old Dominion Freight Line,2026-03-31,operating_ratio_pct,76.2,Operating ratio / derived from operating margin where applicable,2026-04-22,Quarterly financial and operating statistics tables,https://www.sec.gov/Archives/edgar/data/878927/000087892726000009/odfl-ex99_1.htm,outputs\phase1b_ltl_peer_panel\sources\ODFL_2026_Q1_SEC_ex99_1.htm,Reported or algebraic complement when only reciprocal ratio is reported,High,ODFL single LTL segment; company reports operating ratio and daily metrics.
ODFL_FY2026_Q1_2026-03-31,Old Dominion Freight Line,2026-03-31,avg_daily_shipments,41037,LTL shipments per day / Total average daily shipments / Shipments per day,2026-04-22,Quarterly financial and operating statistics tables,https://www.sec.gov/Archives/edgar/data/878927/000087892726000009/odfl-ex99_1.htm,outputs\phase1b_ltl_peer_panel\sources\ODFL_2026_Q1_SEC_ex99_1.htm,Reported,High,ODFL single LTL segment; company reports operating ratio and daily metrics.
ODFL_FY2026_Q1_2026-03-31,Old Dominion Freight Line,2026-03-31,shipments_yoy_pct,-7.9,LTL shipments per day change / Total average daily shipments change,2026-04-22,Quarterly financial and operating statistics tables,https://www.sec.gov/Archives/edgar/data/878927/000087892726000009/odfl-ex99_1.htm,outputs\phase1b_ltl_peer_panel\sources\ODFL_2026_Q1_SEC_ex99_1.htm,Reported,High,ODFL single LTL segment; company reports operating ratio and daily metrics.
ODFL_FY2026_Q1_2026-03-31,Old Dominion Freight Line,2026-03-31,tonnage_per_day,30584,LTL tonnage per day / pounds per day converted to tons,2026-04-22,Quarterly financial and operating statistics tables,https://www.sec.gov/Archives/edgar/data/878927/000087892726000009/odfl-ex99_1.htm,outputs\phase1b_ltl_peer_panel\sources\ODFL_2026_Q1_SEC_ex99_1.htm,Reported,High,ODFL single LTL segment; company reports operating ratio and daily metrics.
ODFL_FY2026_Q1_2026-03-31,Old Dominion Freight Line,2026-03-31,tonnage_yoy_pct,-7.7,LTL tonnage per day change / pounds per day change,2026-04-22,Quarterly financial and operating statistics tables,https://www.sec.gov/Archives/edgar/data/878927/000087892726000009/odfl-ex99_1.htm,outputs\phase1b_ltl_peer_panel\sources\ODFL_2026_Q1_SEC_ex99_1.htm,Reported,High,ODFL single LTL segment; company reports operating ratio and daily metrics.
ODFL_FY2026_Q1_2026-03-31,Old Dominion Freight Line,2026-03-31,weight_per_shipment_lbs,1491,LTL weight per shipment (lbs.) / Composite weight per shipment,2026-04-22,Quarterly financial and operating statistics tables,https://www.sec.gov/Archives/edgar/data/878927/000087892726000009/odfl-ex99_1.htm,outputs\phase1b_ltl_peer_panel\sources\ODFL_2026_Q1_SEC_ex99_1.htm,Reported,High,ODFL single LTL segment; company reports operating ratio and daily metrics.
ODFL_FY2026_Q1_2026-03-31,Old Dominion Freight Line,2026-03-31,weight_per_shipment_yoy_pct,0.3,Weight per shipment year-over-year change,2026-04-22,Quarterly financial and operating statistics tables,https://www.sec.gov/Archives/edgar/data/878927/000087892726000009/odfl-ex99_1.htm,outputs\phase1b_ltl_peer_panel\sources\ODFL_2026_Q1_SEC_ex99_1.htm,Reported,High,ODFL single LTL segment; company reports operating ratio and daily metrics.
ODFL_FY2026_Q1_2026-03-31,Old Dominion Freight Line,2026-03-31,revenue_per_shipment,514.56,LTL revenue per shipment / Composite revenue per shipment,2026-04-22,Quarterly financial and operating statistics tables,https://www.sec.gov/Archives/edgar/data/878927/000087892726000009/odfl-ex99_1.htm,outputs\phase1b_ltl_peer_panel\sources\ODFL_2026_Q1_SEC_ex99_1.htm,Reported,High,ODFL single LTL segment; company reports operating ratio and daily metrics.
ODFL_FY2026_Q1_2026-03-31,Old Dominion Freight Line,2026-03-31,revenue_per_shipment_yoy_pct,5.9,Revenue per shipment year-over-year change,2026-04-22,Quarterly financial and operating statistics tables,https://www.sec.gov/Archives/edgar/data/878927/000087892726000009/odfl-ex99_1.htm,outputs\phase1b_ltl_peer_panel\sources\ODFL_2026_Q1_SEC_ex99_1.htm,Reported,High,ODFL single LTL segment; company reports operating ratio and daily metrics.
ODFL_FY2026_Q1_2026-03-31,Old Dominion Freight Line,2026-03-31,revenue_per_shipment_ex_fuel,434.16,LTL revenue per shipment excluding fuel surcharge,2026-04-22,Quarterly financial and operating statistics tables,https://www.sec.gov/Archives/edgar/data/878927/000087892726000009/odfl-ex99_1.htm,outputs\phase1b_ltl_peer_panel\sources\ODFL_2026_Q1_SEC_ex99_1.htm,Reported,High,ODFL single LTL segment; company reports operating ratio and daily metrics.
ODFL_FY2026_Q1_2026-03-31,Old Dominion Freight Line,2026-03-31,revenue_per_shipment_ex_fuel_yoy_pct,4.7,Revenue per shipment excluding fuel surcharge year-over-year change,2026-04-22,Quarterly financial and operating statistics tables,https://www.sec.gov/Archives/edgar/data/878927/000087892726000009/odfl-ex99_1.htm,outputs\phase1b_ltl_peer_panel\sources\ODFL_2026_Q1_SEC_ex99_1.htm,Reported,High,ODFL single LTL segment; company reports operating ratio and daily metrics.
ODFL_FY2026_Q1_2026-03-31,Old Dominion Freight Line,2026-03-31,revenue_per_cwt,34.52,LTL revenue per hundredweight / Composite revenue per hundredweight,2026-04-22,Quarterly financial and operating statistics tables,https://www.sec.gov/Archives/edgar/data/878927/000087892726000009/odfl-ex99_1.htm,outputs\phase1b_ltl_peer_panel\sources\ODFL_2026_Q1_SEC_ex99_1.htm,Reported,High,ODFL single LTL segment; company reports operating ratio and daily metrics.
ODFL_FY2026_Q1_2026-03-31,Old Dominion Freight Line,2026-03-31,revenue_per_cwt_yoy_pct,5.7,Revenue per hundredweight year-over-year change,2026-04-22,Quarterly financial and operating statistics tables,https://www.sec.gov/Archives/edgar/data/878927/000087892726000009/odfl-ex99_1.htm,outputs\phase1b_ltl_peer_panel\sources\ODFL_2026_Q1_SEC_ex99_1.htm,Reported,High,ODFL single LTL segment; company reports operating ratio and daily metrics.
ODFL_FY2026_Q1_2026-03-31,Old Dominion Freight Line,2026-03-31,revenue_per_cwt_ex_fuel,29.13,LTL revenue per hundredweight excluding fuel surcharge,2026-04-22,Quarterly financial and operating statistics tables,https://www.sec.gov/Archives/edgar/data/878927/000087892726000009/odfl-ex99_1.htm,outputs\phase1b_ltl_peer_panel\sources\ODFL_2026_Q1_SEC_ex99_1.htm,Reported,High,ODFL single LTL segment; company reports operating ratio and daily metrics.
ODFL_FY2026_Q1_2026-03-31,Old Dominion Freight Line,2026-03-31,revenue_per_cwt_ex_fuel_yoy_pct,4.4,Revenue per hundredweight excluding fuel surcharge year-over-year change,2026-04-22,Quarterly financial and operating statistics tables,https://www.sec.gov/Archives/edgar/data/878927/000087892726000009/odfl-ex99_1.htm,outputs\phase1b_ltl_peer_panel\sources\ODFL_2026_Q1_SEC_ex99_1.htm,Reported,High,ODFL single LTL segment; company reports operating ratio and daily metrics.
ODFL_FY2026_Q1_2026-03-31,Old Dominion Freight Line,2026-03-31,yield_ex_fuel_reported,4.4,Yield excluding fuel surcharge growth where source uses yield language,2026-04-22,Quarterly financial and operating statistics tables,https://www.sec.gov/Archives/edgar/data/878927/000087892726000009/odfl-ex99_1.htm,outputs\phase1b_ltl_peer_panel\sources\ODFL_2026_Q1_SEC_ex99_1.htm,Reported,High,ODFL single LTL segment; company reports operating ratio and daily metrics.
SAIA_FY2024_Q1_2024-03-31,Saia,2024-03-31,revenue_m,754.775,Revenue / Operating Revenue / Segment revenue,2024-04-26,Financial highlights and operating statistics tables,https://www.sec.gov/Archives/edgar/data/1177702/000095017024048672/saia-ex99_1.htm,outputs\phase1b_ltl_peer_panel\sources\SAIA_2024_Q1_SEC_ex99_1.htm,Reported,High,"Saia tonnage and shipment rows are reported in thousands; daily values multiplied by 1,000."
SAIA_FY2024_Q1_2024-03-31,Saia,2024-03-31,operating_income_m,117.912,Operating income / Operating Income,2024-04-26,Financial highlights and operating statistics tables,https://www.sec.gov/Archives/edgar/data/1177702/000095017024048672/saia-ex99_1.htm,outputs\phase1b_ltl_peer_panel\sources\SAIA_2024_Q1_SEC_ex99_1.htm,Reported,High,"Saia tonnage and shipment rows are reported in thousands; daily values multiplied by 1,000."
SAIA_FY2024_Q1_2024-03-31,Saia,2024-03-31,operating_margin_pct,15.6,Operating margin / derived from operating ratio where applicable,2024-04-26,Financial highlights and operating statistics tables,https://www.sec.gov/Archives/edgar/data/1177702/000095017024048672/saia-ex99_1.htm,outputs\phase1b_ltl_peer_panel\sources\SAIA_2024_Q1_SEC_ex99_1.htm,Reported or algebraic complement when only reciprocal ratio is reported,High,"Saia tonnage and shipment rows are reported in thousands; daily values multiplied by 1,000."
SAIA_FY2024_Q1_2024-03-31,Saia,2024-03-31,operating_ratio_pct,84.4,Operating ratio / derived from operating margin where applicable,2024-04-26,Financial highlights and operating statistics tables,https://www.sec.gov/Archives/edgar/data/1177702/000095017024048672/saia-ex99_1.htm,outputs\phase1b_ltl_peer_panel\sources\SAIA_2024_Q1_SEC_ex99_1.htm,Reported or algebraic complement when only reciprocal ratio is reported,High,"Saia tonnage and shipment rows are reported in thousands; daily values multiplied by 1,000."
SAIA_FY2024_Q1_2024-03-31,Saia,2024-03-31,avg_daily_shipments,32940,LTL shipments per day / Total average daily shipments / Shipments per day,2024-04-26,Financial highlights and operating statistics tables,https://www.sec.gov/Archives/edgar/data/1177702/000095017024048672/saia-ex99_1.htm,outputs\phase1b_ltl_peer_panel\sources\SAIA_2024_Q1_SEC_ex99_1.htm,"Reported in thousands; multiplied by 1,000 for count scale",High,"Saia tonnage and shipment rows are reported in thousands; daily values multiplied by 1,000."
SAIA_FY2024_Q1_2024-03-31,Saia,2024-03-31,shipments_yoy_pct,15.7,LTL shipments per day change / Total average daily shipments change,2024-04-26,Financial highlights and operating statistics tables,https://www.sec.gov/Archives/edgar/data/1177702/000095017024048672/saia-ex99_1.htm,outputs\phase1b_ltl_peer_panel\sources\SAIA_2024_Q1_SEC_ex99_1.htm,Reported,High,"Saia tonnage and shipment rows are reported in thousands; daily values multiplied by 1,000."
SAIA_FY2024_Q1_2024-03-31,Saia,2024-03-31,tonnage_per_day,21750,LTL tonnage per day / pounds per day converted to tons,2024-04-26,Financial highlights and operating statistics tables,https://www.sec.gov/Archives/edgar/data/1177702/000095017024048672/saia-ex99_1.htm,outputs\phase1b_ltl_peer_panel\sources\SAIA_2024_Q1_SEC_ex99_1.htm,Reported,High,"Saia tonnage and shipment rows are reported in thousands; daily values multiplied by 1,000."
SAIA_FY2024_Q1_2024-03-31,Saia,2024-03-31,tonnage_yoy_pct,6.2,LTL tonnage per day change / pounds per day change,2024-04-26,Financial highlights and operating statistics tables,https://www.sec.gov/Archives/edgar/data/1177702/000095017024048672/saia-ex99_1.htm,outputs\phase1b_ltl_peer_panel\sources\SAIA_2024_Q1_SEC_ex99_1.htm,Reported,High,"Saia tonnage and shipment rows are reported in thousands; daily values multiplied by 1,000."
SAIA_FY2024_Q1_2024-03-31,Saia,2024-03-31,weight_per_shipment_lbs,1321,LTL weight per shipment (lbs.) / Composite weight per shipment,2024-04-26,Financial highlights and operating statistics tables,https://www.sec.gov/Archives/edgar/data/1177702/000095017024048672/saia-ex99_1.htm,outputs\phase1b_ltl_peer_panel\sources\SAIA_2024_Q1_SEC_ex99_1.htm,Reported,High,"Saia tonnage and shipment rows are reported in thousands; daily values multiplied by 1,000."
SAIA_FY2024_Q1_2024-03-31,Saia,2024-03-31,weight_per_shipment_yoy_pct,-8.2,Weight per shipment year-over-year change,2024-04-26,Financial highlights and operating statistics tables,https://www.sec.gov/Archives/edgar/data/1177702/000095017024048672/saia-ex99_1.htm,outputs\phase1b_ltl_peer_panel\sources\SAIA_2024_Q1_SEC_ex99_1.htm,Reported,High,"Saia tonnage and shipment rows are reported in thousands; daily values multiplied by 1,000."
SAIA_FY2024_Q1_2024-03-31,Saia,2024-03-31,revenue_per_shipment,350.18,LTL revenue per shipment / Composite revenue per shipment,2024-04-26,Financial highlights and operating statistics tables,https://www.sec.gov/Archives/edgar/data/1177702/000095017024048672/saia-ex99_1.htm,outputs\phase1b_ltl_peer_panel\sources\SAIA_2024_Q1_SEC_ex99_1.htm,Reported,High,"Saia tonnage and shipment rows are reported in thousands; daily values multiplied by 1,000."
SAIA_FY2024_Q1_2024-03-31,Saia,2024-03-31,revenue_per_shipment_yoy_pct,-1.2,Revenue per shipment year-over-year change,2024-04-26,Financial highlights and operating statistics tables,https://www.sec.gov/Archives/edgar/data/1177702/000095017024048672/saia-ex99_1.htm,outputs\phase1b_ltl_peer_panel\sources\SAIA_2024_Q1_SEC_ex99_1.htm,Reported,High,"Saia tonnage and shipment rows are reported in thousands; daily values multiplied by 1,000."
SAIA_FY2024_Q1_2024-03-31,Saia,2024-03-31,revenue_per_shipment_ex_fuel,293.96,LTL revenue per shipment excluding fuel surcharge,2024-04-26,Financial highlights and operating statistics tables,https://www.sec.gov/Archives/edgar/data/1177702/000095017024048672/saia-ex99_1.htm,outputs\phase1b_ltl_peer_panel\sources\SAIA_2024_Q1_SEC_ex99_1.htm,Reported,High,"Saia tonnage and shipment rows are reported in thousands; daily values multiplied by 1,000."
SAIA_FY2024_Q1_2024-03-31,Saia,2024-03-31,revenue_per_shipment_ex_fuel_yoy_pct,1.4,Revenue per shipment excluding fuel surcharge year-over-year change,2024-04-26,Financial highlights and operating statistics tables,https://www.sec.gov/Archives/edgar/data/1177702/000095017024048672/saia-ex99_1.htm,outputs\phase1b_ltl_peer_panel\sources\SAIA_2024_Q1_SEC_ex99_1.htm,Reported,High,"Saia tonnage and shipment rows are reported in thousands; daily values multiplied by 1,000."
SAIA_FY2024_Q1_2024-03-31,Saia,2024-03-31,revenue_per_cwt,26.51,LTL revenue per hundredweight / Composite revenue per hundredweight,2024-04-26,Financial highlights and operating statistics tables,https://www.sec.gov/Archives/edgar/data/1177702/000095017024048672/saia-ex99_1.htm,outputs\phase1b_ltl_peer_panel\sources\SAIA_2024_Q1_SEC_ex99_1.htm,Reported,High,"Saia tonnage and shipment rows are reported in thousands; daily values multiplied by 1,000."
SAIA_FY2024_Q1_2024-03-31,Saia,2024-03-31,revenue_per_cwt_yoy_pct,7.6,Revenue per hundredweight year-over-year change,2024-04-26,Financial highlights and operating statistics tables,https://www.sec.gov/Archives/edgar/data/1177702/000095017024048672/saia-ex99_1.htm,outputs\phase1b_ltl_peer_panel\sources\SAIA_2024_Q1_SEC_ex99_1.htm,Reported,High,"Saia tonnage and shipment rows are reported in thousands; daily values multiplied by 1,000."
SAIA_FY2024_Q1_2024-03-31,Saia,2024-03-31,revenue_per_cwt_ex_fuel,22.26,LTL revenue per hundredweight excluding fuel surcharge,2024-04-26,Financial highlights and operating statistics tables,https://www.sec.gov/Archives/edgar/data/1177702/000095017024048672/saia-ex99_1.htm,outputs\phase1b_ltl_peer_panel\sources\SAIA_2024_Q1_SEC_ex99_1.htm,Reported,High,"Saia tonnage and shipment rows are reported in thousands; daily values multiplied by 1,000."
SAIA_FY2024_Q1_2024-03-31,Saia,2024-03-31,revenue_per_cwt_ex_fuel_yoy_pct,10.5,Revenue per hundredweight excluding fuel surcharge year-over-year change,2024-04-26,Financial highlights and operating statistics tables,https://www.sec.gov/Archives/edgar/data/1177702/000095017024048672/saia-ex99_1.htm,outputs\phase1b_ltl_peer_panel\sources\SAIA_2024_Q1_SEC_ex99_1.htm,Reported,High,"Saia tonnage and shipment rows are reported in thousands; daily values multiplied by 1,000."
SAIA_FY2024_Q1_2024-03-31,Saia,2024-03-31,yield_ex_fuel_reported,10.5,Yield excluding fuel surcharge growth where source uses yield language,2024-04-26,Financial highlights and operating statistics tables,https://www.sec.gov/Archives/edgar/data/1177702/000095017024048672/saia-ex99_1.htm,outputs\phase1b_ltl_peer_panel\sources\SAIA_2024_Q1_SEC_ex99_1.htm,Reported,High,"Saia tonnage and shipment rows are reported in thousands; daily values multiplied by 1,000."
SAIA_FY2024_Q2_2024-06-30,Saia,2024-06-30,revenue_m,823.244,Revenue / Operating Revenue / Segment revenue,2024-07-26,Financial highlights and operating statistics tables,https://www.sec.gov/Archives/edgar/data/0001177702/000095017024086727/saia-ex99_1.htm,outputs\phase1b_ltl_peer_panel\sources\SAIA_2024_Q2_SEC_ex99_1.htm,Reported,High,"Saia tonnage and shipment rows are reported in thousands; daily values multiplied by 1,000."
SAIA_FY2024_Q2_2024-06-30,Saia,2024-06-30,operating_income_m,137.593,Operating income / Operating Income,2024-07-26,Financial highlights and operating statistics tables,https://www.sec.gov/Archives/edgar/data/0001177702/000095017024086727/saia-ex99_1.htm,outputs\phase1b_ltl_peer_panel\sources\SAIA_2024_Q2_SEC_ex99_1.htm,Reported,High,"Saia tonnage and shipment rows are reported in thousands; daily values multiplied by 1,000."
SAIA_FY2024_Q2_2024-06-30,Saia,2024-06-30,operating_margin_pct,16.7,Operating margin / derived from operating ratio where applicable,2024-07-26,Financial highlights and operating statistics tables,https://www.sec.gov/Archives/edgar/data/0001177702/000095017024086727/saia-ex99_1.htm,outputs\phase1b_ltl_peer_panel\sources\SAIA_2024_Q2_SEC_ex99_1.htm,Reported or algebraic complement when only reciprocal ratio is reported,High,"Saia tonnage and shipment rows are reported in thousands; daily values multiplied by 1,000."
SAIA_FY2024_Q2_2024-06-30,Saia,2024-06-30,operating_ratio_pct,83.3,Operating ratio / derived from operating margin where applicable,2024-07-26,Financial highlights and operating statistics tables,https://www.sec.gov/Archives/edgar/data/0001177702/000095017024086727/saia-ex99_1.htm,outputs\phase1b_ltl_peer_panel\sources\SAIA_2024_Q2_SEC_ex99_1.htm,Reported or algebraic complement when only reciprocal ratio is reported,High,"Saia tonnage and shipment rows are reported in thousands; daily values multiplied by 1,000."
SAIA_FY2024_Q2_2024-06-30,Saia,2024-06-30,avg_daily_shipments,36360,LTL shipments per day / Total average daily shipments / Shipments per day,2024-07-26,Financial highlights and operating statistics tables,https://www.sec.gov/Archives/edgar/data/0001177702/000095017024086727/saia-ex99_1.htm,outputs\phase1b_ltl_peer_panel\sources\SAIA_2024_Q2_SEC_ex99_1.htm,"Reported in thousands; multiplied by 1,000 for count scale",High,"Saia tonnage and shipment rows are reported in thousands; daily values multiplied by 1,000."
SAIA_FY2024_Q2_2024-06-30,Saia,2024-06-30,shipments_yoy_pct,18.1,LTL shipments per day change / Total average daily shipments change,2024-07-26,Financial highlights and operating statistics tables,https://www.sec.gov/Archives/edgar/data/0001177702/000095017024086727/saia-ex99_1.htm,outputs\phase1b_ltl_peer_panel\sources\SAIA_2024_Q2_SEC_ex99_1.htm,Reported,High,"Saia tonnage and shipment rows are reported in thousands; daily values multiplied by 1,000."
SAIA_FY2024_Q2_2024-06-30,Saia,2024-06-30,tonnage_per_day,24360,LTL tonnage per day / pounds per day converted to tons,2024-07-26,Financial highlights and operating statistics tables,https://www.sec.gov/Archives/edgar/data/0001177702/000095017024086727/saia-ex99_1.htm,outputs\phase1b_ltl_peer_panel\sources\SAIA_2024_Q2_SEC_ex99_1.htm,Reported,High,"Saia tonnage and shipment rows are reported in thousands; daily values multiplied by 1,000."
SAIA_FY2024_Q2_2024-06-30,Saia,2024-06-30,tonnage_yoy_pct,9.7,LTL tonnage per day change / pounds per day change,2024-07-26,Financial highlights and operating statistics tables,https://www.sec.gov/Archives/edgar/data/0001177702/000095017024086727/saia-ex99_1.htm,outputs\phase1b_ltl_peer_panel\sources\SAIA_2024_Q2_SEC_ex99_1.htm,Reported,High,"Saia tonnage and shipment rows are reported in thousands; daily values multiplied by 1,000."
SAIA_FY2024_Q2_2024-06-30,Saia,2024-06-30,weight_per_shipment_lbs,1340,LTL weight per shipment (lbs.) / Composite weight per shipment,2024-07-26,Financial highlights and operating statistics tables,https://www.sec.gov/Archives/edgar/data/0001177702/000095017024086727/saia-ex99_1.htm,outputs\phase1b_ltl_peer_panel\sources\SAIA_2024_Q2_SEC_ex99_1.htm,Reported,High,"Saia tonnage and shipment rows are reported in thousands; daily values multiplied by 1,000."
SAIA_FY2024_Q2_2024-06-30,Saia,2024-06-30,weight_per_shipment_yoy_pct,-7.1,Weight per shipment year-over-year change,2024-07-26,Financial highlights and operating statistics tables,https://www.sec.gov/Archives/edgar/data/0001177702/000095017024086727/saia-ex99_1.htm,outputs\phase1b_ltl_peer_panel\sources\SAIA_2024_Q2_SEC_ex99_1.htm,Reported,High,"Saia tonnage and shipment rows are reported in thousands; daily values multiplied by 1,000."
SAIA_FY2024_Q2_2024-06-30,Saia,2024-06-30,revenue_per_shipment,345.07,LTL revenue per shipment / Composite revenue per shipment,2024-07-26,Financial highlights and operating statistics tables,https://www.sec.gov/Archives/edgar/data/0001177702/000095017024086727/saia-ex99_1.htm,outputs\phase1b_ltl_peer_panel\sources\SAIA_2024_Q2_SEC_ex99_1.htm,Reported,High,"Saia tonnage and shipment rows are reported in thousands; daily values multiplied by 1,000."
SAIA_FY2024_Q2_2024-06-30,Saia,2024-06-30,revenue_per_shipment_yoy_pct,0.3,Revenue per shipment year-over-year change,2024-07-26,Financial highlights and operating statistics tables,https://www.sec.gov/Archives/edgar/data/0001177702/000095017024086727/saia-ex99_1.htm,outputs\phase1b_ltl_peer_panel\sources\SAIA_2024_Q2_SEC_ex99_1.htm,Reported,High,"Saia tonnage and shipment rows are reported in thousands; daily values multiplied by 1,000."
SAIA_FY2024_Q2_2024-06-30,Saia,2024-06-30,revenue_per_shipment_ex_fuel,290.72,LTL revenue per shipment excluding fuel surcharge,2024-07-26,Financial highlights and operating statistics tables,https://www.sec.gov/Archives/edgar/data/0001177702/000095017024086727/saia-ex99_1.htm,outputs\phase1b_ltl_peer_panel\sources\SAIA_2024_Q2_SEC_ex99_1.htm,Reported,High,"Saia tonnage and shipment rows are reported in thousands; daily values multiplied by 1,000."
SAIA_FY2024_Q2_2024-06-30,Saia,2024-06-30,revenue_per_shipment_ex_fuel_yoy_pct,1.0,Revenue per shipment excluding fuel surcharge year-over-year change,2024-07-26,Financial highlights and operating statistics tables,https://www.sec.gov/Archives/edgar/data/0001177702/000095017024086727/saia-ex99_1.htm,outputs\phase1b_ltl_peer_panel\sources\SAIA_2024_Q2_SEC_ex99_1.htm,Reported,High,"Saia tonnage and shipment rows are reported in thousands; daily values multiplied by 1,000."
SAIA_FY2024_Q2_2024-06-30,Saia,2024-06-30,revenue_per_cwt,25.75,LTL revenue per hundredweight / Composite revenue per hundredweight,2024-07-26,Financial highlights and operating statistics tables,https://www.sec.gov/Archives/edgar/data/0001177702/000095017024086727/saia-ex99_1.htm,outputs\phase1b_ltl_peer_panel\sources\SAIA_2024_Q2_SEC_ex99_1.htm,Reported,High,"Saia tonnage and shipment rows are reported in thousands; daily values multiplied by 1,000."
SAIA_FY2024_Q2_2024-06-30,Saia,2024-06-30,revenue_per_cwt_yoy_pct,8.0,Revenue per hundredweight year-over-year change,2024-07-26,Financial highlights and operating statistics tables,https://www.sec.gov/Archives/edgar/data/0001177702/000095017024086727/saia-ex99_1.htm,outputs\phase1b_ltl_peer_panel\sources\SAIA_2024_Q2_SEC_ex99_1.htm,Reported,High,"Saia tonnage and shipment rows are reported in thousands; daily values multiplied by 1,000."
SAIA_FY2024_Q2_2024-06-30,Saia,2024-06-30,revenue_per_cwt_ex_fuel,21.69,LTL revenue per hundredweight excluding fuel surcharge,2024-07-26,Financial highlights and operating statistics tables,https://www.sec.gov/Archives/edgar/data/0001177702/000095017024086727/saia-ex99_1.htm,outputs\phase1b_ltl_peer_panel\sources\SAIA_2024_Q2_SEC_ex99_1.htm,Reported,High,"Saia tonnage and shipment rows are reported in thousands; daily values multiplied by 1,000."
SAIA_FY2024_Q2_2024-06-30,Saia,2024-06-30,revenue_per_cwt_ex_fuel_yoy_pct,8.7,Revenue per hundredweight excluding fuel surcharge year-over-year change,2024-07-26,Financial highlights and operating statistics tables,https://www.sec.gov/Archives/edgar/data/0001177702/000095017024086727/saia-ex99_1.htm,outputs\phase1b_ltl_peer_panel\sources\SAIA_2024_Q2_SEC_ex99_1.htm,Reported,High,"Saia tonnage and shipment rows are reported in thousands; daily values multiplied by 1,000."
SAIA_FY2024_Q2_2024-06-30,Saia,2024-06-30,yield_ex_fuel_reported,8.7,Yield excluding fuel surcharge growth where source uses yield language,2024-07-26,Financial highlights and operating statistics tables,https://www.sec.gov/Archives/edgar/data/0001177702/000095017024086727/saia-ex99_1.htm,outputs\phase1b_ltl_peer_panel\sources\SAIA_2024_Q2_SEC_ex99_1.htm,Reported,High,"Saia tonnage and shipment rows are reported in thousands; daily values multiplied by 1,000."
SAIA_FY2024_Q3_2024-09-30,Saia,2024-09-30,revenue_m,842.103,Revenue / Operating Revenue / Segment revenue,2024-10-25,Financial highlights and operating statistics tables,https://www.sec.gov/Archives/edgar/data/1177702/000095017024117217/saia-ex99_1.htm,outputs\phase1b_ltl_peer_panel\sources\SAIA_2024_Q3_SEC_ex99_1.htm,Reported,High,Prior-year quarter had 63 workdays; source reports daily-growth comparison.
SAIA_FY2024_Q3_2024-09-30,Saia,2024-09-30,operating_income_m,125.171,Operating income / Operating Income,2024-10-25,Financial highlights and operating statistics tables,https://www.sec.gov/Archives/edgar/data/1177702/000095017024117217/saia-ex99_1.htm,outputs\phase1b_ltl_peer_panel\sources\SAIA_2024_Q3_SEC_ex99_1.htm,Reported,High,Prior-year quarter had 63 workdays; source reports daily-growth comparison.
SAIA_FY2024_Q3_2024-09-30,Saia,2024-09-30,operating_margin_pct,14.9,Operating margin / derived from operating ratio where applicable,2024-10-25,Financial highlights and operating statistics tables,https://www.sec.gov/Archives/edgar/data/1177702/000095017024117217/saia-ex99_1.htm,outputs\phase1b_ltl_peer_panel\sources\SAIA_2024_Q3_SEC_ex99_1.htm,Reported or algebraic complement when only reciprocal ratio is reported,High,Prior-year quarter had 63 workdays; source reports daily-growth comparison.
SAIA_FY2024_Q3_2024-09-30,Saia,2024-09-30,operating_ratio_pct,85.1,Operating ratio / derived from operating margin where applicable,2024-10-25,Financial highlights and operating statistics tables,https://www.sec.gov/Archives/edgar/data/1177702/000095017024117217/saia-ex99_1.htm,outputs\phase1b_ltl_peer_panel\sources\SAIA_2024_Q3_SEC_ex99_1.htm,Reported or algebraic complement when only reciprocal ratio is reported,High,Prior-year quarter had 63 workdays; source reports daily-growth comparison.
SAIA_FY2024_Q3_2024-09-30,Saia,2024-09-30,avg_daily_shipments,37170,LTL shipments per day / Total average daily shipments / Shipments per day,2024-10-25,Financial highlights and operating statistics tables,https://www.sec.gov/Archives/edgar/data/1177702/000095017024117217/saia-ex99_1.htm,outputs\phase1b_ltl_peer_panel\sources\SAIA_2024_Q3_SEC_ex99_1.htm,"Reported in thousands; multiplied by 1,000 for count scale",High,Prior-year quarter had 63 workdays; source reports daily-growth comparison.
SAIA_FY2024_Q3_2024-09-30,Saia,2024-09-30,shipments_yoy_pct,8.5,LTL shipments per day change / Total average daily shipments change,2024-10-25,Financial highlights and operating statistics tables,https://www.sec.gov/Archives/edgar/data/1177702/000095017024117217/saia-ex99_1.htm,outputs\phase1b_ltl_peer_panel\sources\SAIA_2024_Q3_SEC_ex99_1.htm,Reported,High,Prior-year quarter had 63 workdays; source reports daily-growth comparison.
SAIA_FY2024_Q3_2024-09-30,Saia,2024-09-30,tonnage_per_day,25080,LTL tonnage per day / pounds per day converted to tons,2024-10-25,Financial highlights and operating statistics tables,https://www.sec.gov/Archives/edgar/data/1177702/000095017024117217/saia-ex99_1.htm,outputs\phase1b_ltl_peer_panel\sources\SAIA_2024_Q3_SEC_ex99_1.htm,Reported,High,Prior-year quarter had 63 workdays; source reports daily-growth comparison.
SAIA_FY2024_Q3_2024-09-30,Saia,2024-09-30,tonnage_yoy_pct,7.7,LTL tonnage per day change / pounds per day change,2024-10-25,Financial highlights and operating statistics tables,https://www.sec.gov/Archives/edgar/data/1177702/000095017024117217/saia-ex99_1.htm,outputs\phase1b_ltl_peer_panel\sources\SAIA_2024_Q3_SEC_ex99_1.htm,Reported,High,Prior-year quarter had 63 workdays; source reports daily-growth comparison.
SAIA_FY2024_Q3_2024-09-30,Saia,2024-09-30,weight_per_shipment_lbs,1349,LTL weight per shipment (lbs.) / Composite weight per shipment,2024-10-25,Financial highlights and operating statistics tables,https://www.sec.gov/Archives/edgar/data/1177702/000095017024117217/saia-ex99_1.htm,outputs\phase1b_ltl_peer_panel\sources\SAIA_2024_Q3_SEC_ex99_1.htm,Reported,High,Prior-year quarter had 63 workdays; source reports daily-growth comparison.
SAIA_FY2024_Q3_2024-09-30,Saia,2024-09-30,weight_per_shipment_yoy_pct,-0.8,Weight per shipment year-over-year change,2024-10-25,Financial highlights and operating statistics tables,https://www.sec.gov/Archives/edgar/data/1177702/000095017024117217/saia-ex99_1.htm,outputs\phase1b_ltl_peer_panel\sources\SAIA_2024_Q3_SEC_ex99_1.htm,Reported,High,Prior-year quarter had 63 workdays; source reports daily-growth comparison.
SAIA_FY2024_Q3_2024-09-30,Saia,2024-09-30,revenue_per_shipment,345.93,LTL revenue per shipment / Composite revenue per shipment,2024-10-25,Financial highlights and operating statistics tables,https://www.sec.gov/Archives/edgar/data/1177702/000095017024117217/saia-ex99_1.htm,outputs\phase1b_ltl_peer_panel\sources\SAIA_2024_Q3_SEC_ex99_1.htm,Reported,High,Prior-year quarter had 63 workdays; source reports daily-growth comparison.
SAIA_FY2024_Q3_2024-09-30,Saia,2024-09-30,revenue_per_shipment_yoy_pct,-1.6,Revenue per shipment year-over-year change,2024-10-25,Financial highlights and operating statistics tables,https://www.sec.gov/Archives/edgar/data/1177702/000095017024117217/saia-ex99_1.htm,outputs\phase1b_ltl_peer_panel\sources\SAIA_2024_Q3_SEC_ex99_1.htm,Reported,High,Prior-year quarter had 63 workdays; source reports daily-growth comparison.
SAIA_FY2024_Q3_2024-09-30,Saia,2024-09-30,revenue_per_shipment_ex_fuel,293.39,LTL revenue per shipment excluding fuel surcharge,2024-10-25,Financial highlights and operating statistics tables,https://www.sec.gov/Archives/edgar/data/1177702/000095017024117217/saia-ex99_1.htm,outputs\phase1b_ltl_peer_panel\sources\SAIA_2024_Q3_SEC_ex99_1.htm,Reported,High,Prior-year quarter had 63 workdays; source reports daily-growth comparison.
SAIA_FY2024_Q3_2024-09-30,Saia,2024-09-30,revenue_per_shipment_ex_fuel_yoy_pct,0.9,Revenue per shipment excluding fuel surcharge year-over-year change,2024-10-25,Financial highlights and operating statistics tables,https://www.sec.gov/Archives/edgar/data/1177702/000095017024117217/saia-ex99_1.htm,outputs\phase1b_ltl_peer_panel\sources\SAIA_2024_Q3_SEC_ex99_1.htm,Reported,High,Prior-year quarter had 63 workdays; source reports daily-growth comparison.
SAIA_FY2024_Q3_2024-09-30,Saia,2024-09-30,revenue_per_cwt,25.64,LTL revenue per hundredweight / Composite revenue per hundredweight,2024-10-25,Financial highlights and operating statistics tables,https://www.sec.gov/Archives/edgar/data/1177702/000095017024117217/saia-ex99_1.htm,outputs\phase1b_ltl_peer_panel\sources\SAIA_2024_Q3_SEC_ex99_1.htm,Reported,High,Prior-year quarter had 63 workdays; source reports daily-growth comparison.
SAIA_FY2024_Q3_2024-09-30,Saia,2024-09-30,revenue_per_cwt_yoy_pct,-0.9,Revenue per hundredweight year-over-year change,2024-10-25,Financial highlights and operating statistics tables,https://www.sec.gov/Archives/edgar/data/1177702/000095017024117217/saia-ex99_1.htm,outputs\phase1b_ltl_peer_panel\sources\SAIA_2024_Q3_SEC_ex99_1.htm,Reported,High,Prior-year quarter had 63 workdays; source reports daily-growth comparison.
SAIA_FY2024_Q3_2024-09-30,Saia,2024-09-30,revenue_per_cwt_ex_fuel,21.75,LTL revenue per hundredweight excluding fuel surcharge,2024-10-25,Financial highlights and operating statistics tables,https://www.sec.gov/Archives/edgar/data/1177702/000095017024117217/saia-ex99_1.htm,outputs\phase1b_ltl_peer_panel\sources\SAIA_2024_Q3_SEC_ex99_1.htm,Reported,High,Prior-year quarter had 63 workdays; source reports daily-growth comparison.
SAIA_FY2024_Q3_2024-09-30,Saia,2024-09-30,revenue_per_cwt_ex_fuel_yoy_pct,1.7,Revenue per hundredweight excluding fuel surcharge year-over-year change,2024-10-25,Financial highlights and operating statistics tables,https://www.sec.gov/Archives/edgar/data/1177702/000095017024117217/saia-ex99_1.htm,outputs\phase1b_ltl_peer_panel\sources\SAIA_2024_Q3_SEC_ex99_1.htm,Reported,High,Prior-year quarter had 63 workdays; source reports daily-growth comparison.
SAIA_FY2024_Q3_2024-09-30,Saia,2024-09-30,yield_ex_fuel_reported,1.7,Yield excluding fuel surcharge growth where source uses yield language,2024-10-25,Financial highlights and operating statistics tables,https://www.sec.gov/Archives/edgar/data/1177702/000095017024117217/saia-ex99_1.htm,outputs\phase1b_ltl_peer_panel\sources\SAIA_2024_Q3_SEC_ex99_1.htm,Reported,High,Prior-year quarter had 63 workdays; source reports daily-growth comparison.
SAIA_FY2024_Q4_2024-12-31,Saia,2024-12-31,revenue_m,788.952,Revenue / Operating Revenue / Segment revenue,2025-02-07,Financial highlights and operating statistics tables,https://www.sec.gov/Archives/edgar/data/1177702/000095017025012023/saia-ex99_1.htm,outputs\phase1b_ltl_peer_panel\sources\SAIA_2024_Q4_SEC_ex99_1.htm,Reported,High,Prior-year quarter had 61 workdays; source reports daily-growth comparison.
SAIA_FY2024_Q4_2024-12-31,Saia,2024-12-31,operating_income_m,101.484,Operating income / Operating Income,2025-02-07,Financial highlights and operating statistics tables,https://www.sec.gov/Archives/edgar/data/1177702/000095017025012023/saia-ex99_1.htm,outputs\phase1b_ltl_peer_panel\sources\SAIA_2024_Q4_SEC_ex99_1.htm,Reported,High,Prior-year quarter had 61 workdays; source reports daily-growth comparison.
SAIA_FY2024_Q4_2024-12-31,Saia,2024-12-31,operating_margin_pct,12.9,Operating margin / derived from operating ratio where applicable,2025-02-07,Financial highlights and operating statistics tables,https://www.sec.gov/Archives/edgar/data/1177702/000095017025012023/saia-ex99_1.htm,outputs\phase1b_ltl_peer_panel\sources\SAIA_2024_Q4_SEC_ex99_1.htm,Reported or algebraic complement when only reciprocal ratio is reported,High,Prior-year quarter had 61 workdays; source reports daily-growth comparison.
SAIA_FY2024_Q4_2024-12-31,Saia,2024-12-31,operating_ratio_pct,87.1,Operating ratio / derived from operating margin where applicable,2025-02-07,Financial highlights and operating statistics tables,https://www.sec.gov/Archives/edgar/data/1177702/000095017025012023/saia-ex99_1.htm,outputs\phase1b_ltl_peer_panel\sources\SAIA_2024_Q4_SEC_ex99_1.htm,Reported or algebraic complement when only reciprocal ratio is reported,High,Prior-year quarter had 61 workdays; source reports daily-growth comparison.
SAIA_FY2024_Q4_2024-12-31,Saia,2024-12-31,avg_daily_shipments,35060,LTL shipments per day / Total average daily shipments / Shipments per day,2025-02-07,Financial highlights and operating statistics tables,https://www.sec.gov/Archives/edgar/data/1177702/000095017025012023/saia-ex99_1.htm,outputs\phase1b_ltl_peer_panel\sources\SAIA_2024_Q4_SEC_ex99_1.htm,"Reported in thousands; multiplied by 1,000 for count scale",High,Prior-year quarter had 61 workdays; source reports daily-growth comparison.
SAIA_FY2024_Q4_2024-12-31,Saia,2024-12-31,shipments_yoy_pct,4.5,LTL shipments per day change / Total average daily shipments change,2025-02-07,Financial highlights and operating statistics tables,https://www.sec.gov/Archives/edgar/data/1177702/000095017025012023/saia-ex99_1.htm,outputs\phase1b_ltl_peer_panel\sources\SAIA_2024_Q4_SEC_ex99_1.htm,Reported,High,Prior-year quarter had 61 workdays; source reports daily-growth comparison.
SAIA_FY2024_Q4_2024-12-31,Saia,2024-12-31,tonnage_per_day,23890,LTL tonnage per day / pounds per day converted to tons,2025-02-07,Financial highlights and operating statistics tables,https://www.sec.gov/Archives/edgar/data/1177702/000095017025012023/saia-ex99_1.htm,outputs\phase1b_ltl_peer_panel\sources\SAIA_2024_Q4_SEC_ex99_1.htm,Reported,High,Prior-year quarter had 61 workdays; source reports daily-growth comparison.
SAIA_FY2024_Q4_2024-12-31,Saia,2024-12-31,tonnage_yoy_pct,8.3,LTL tonnage per day change / pounds per day change,2025-02-07,Financial highlights and operating statistics tables,https://www.sec.gov/Archives/edgar/data/1177702/000095017025012023/saia-ex99_1.htm,outputs\phase1b_ltl_peer_panel\sources\SAIA_2024_Q4_SEC_ex99_1.htm,Reported,High,Prior-year quarter had 61 workdays; source reports daily-growth comparison.
SAIA_FY2024_Q4_2024-12-31,Saia,2024-12-31,weight_per_shipment_lbs,1362,LTL weight per shipment (lbs.) / Composite weight per shipment,2025-02-07,Financial highlights and operating statistics tables,https://www.sec.gov/Archives/edgar/data/1177702/000095017025012023/saia-ex99_1.htm,outputs\phase1b_ltl_peer_panel\sources\SAIA_2024_Q4_SEC_ex99_1.htm,Reported,High,Prior-year quarter had 61 workdays; source reports daily-growth comparison.
SAIA_FY2024_Q4_2024-12-31,Saia,2024-12-31,weight_per_shipment_yoy_pct,3.7,Weight per shipment year-over-year change,2025-02-07,Financial highlights and operating statistics tables,https://www.sec.gov/Archives/edgar/data/1177702/000095017025012023/saia-ex99_1.htm,outputs\phase1b_ltl_peer_panel\sources\SAIA_2024_Q4_SEC_ex99_1.htm,Reported,High,Prior-year quarter had 61 workdays; source reports daily-growth comparison.
SAIA_FY2024_Q4_2024-12-31,Saia,2024-12-31,revenue_per_shipment,350.51,LTL revenue per shipment / Composite revenue per shipment,2025-02-07,Financial highlights and operating statistics tables,https://www.sec.gov/Archives/edgar/data/1177702/000095017025012023/saia-ex99_1.htm,outputs\phase1b_ltl_peer_panel\sources\SAIA_2024_Q4_SEC_ex99_1.htm,Reported,High,Prior-year quarter had 61 workdays; source reports daily-growth comparison.
SAIA_FY2024_Q4_2024-12-31,Saia,2024-12-31,revenue_per_shipment_yoy_pct,-2.0,Revenue per shipment year-over-year change,2025-02-07,Financial highlights and operating statistics tables,https://www.sec.gov/Archives/edgar/data/1177702/000095017025012023/saia-ex99_1.htm,outputs\phase1b_ltl_peer_panel\sources\SAIA_2024_Q4_SEC_ex99_1.htm,Reported,High,Prior-year quarter had 61 workdays; source reports daily-growth comparison.
SAIA_FY2024_Q4_2024-12-31,Saia,2024-12-31,revenue_per_shipment_ex_fuel,299.17,LTL revenue per shipment excluding fuel surcharge,2025-02-07,Financial highlights and operating statistics tables,https://www.sec.gov/Archives/edgar/data/1177702/000095017025012023/saia-ex99_1.htm,outputs\phase1b_ltl_peer_panel\sources\SAIA_2024_Q4_SEC_ex99_1.htm,Reported,High,Prior-year quarter had 61 workdays; source reports daily-growth comparison.
SAIA_FY2024_Q4_2024-12-31,Saia,2024-12-31,revenue_per_shipment_ex_fuel_yoy_pct,1.3,Revenue per shipment excluding fuel surcharge year-over-year change,2025-02-07,Financial highlights and operating statistics tables,https://www.sec.gov/Archives/edgar/data/1177702/000095017025012023/saia-ex99_1.htm,outputs\phase1b_ltl_peer_panel\sources\SAIA_2024_Q4_SEC_ex99_1.htm,Reported,High,Prior-year quarter had 61 workdays; source reports daily-growth comparison.
SAIA_FY2024_Q4_2024-12-31,Saia,2024-12-31,revenue_per_cwt,25.73,LTL revenue per hundredweight / Composite revenue per hundredweight,2025-02-07,Financial highlights and operating statistics tables,https://www.sec.gov/Archives/edgar/data/1177702/000095017025012023/saia-ex99_1.htm,outputs\phase1b_ltl_peer_panel\sources\SAIA_2024_Q4_SEC_ex99_1.htm,Reported,High,Prior-year quarter had 61 workdays; source reports daily-growth comparison.
SAIA_FY2024_Q4_2024-12-31,Saia,2024-12-31,revenue_per_cwt_yoy_pct,-5.4,Revenue per hundredweight year-over-year change,2025-02-07,Financial highlights and operating statistics tables,https://www.sec.gov/Archives/edgar/data/1177702/000095017025012023/saia-ex99_1.htm,outputs\phase1b_ltl_peer_panel\sources\SAIA_2024_Q4_SEC_ex99_1.htm,Reported,High,Prior-year quarter had 61 workdays; source reports daily-growth comparison.
SAIA_FY2024_Q4_2024-12-31,Saia,2024-12-31,revenue_per_cwt_ex_fuel,21.96,LTL revenue per hundredweight excluding fuel surcharge,2025-02-07,Financial highlights and operating statistics tables,https://www.sec.gov/Archives/edgar/data/1177702/000095017025012023/saia-ex99_1.htm,outputs\phase1b_ltl_peer_panel\sources\SAIA_2024_Q4_SEC_ex99_1.htm,Reported,High,Prior-year quarter had 61 workdays; source reports daily-growth comparison.
SAIA_FY2024_Q4_2024-12-31,Saia,2024-12-31,revenue_per_cwt_ex_fuel_yoy_pct,-2.3,Revenue per hundredweight excluding fuel surcharge year-over-year change,2025-02-07,Financial highlights and operating statistics tables,https://www.sec.gov/Archives/edgar/data/1177702/000095017025012023/saia-ex99_1.htm,outputs\phase1b_ltl_peer_panel\sources\SAIA_2024_Q4_SEC_ex99_1.htm,Reported,High,Prior-year quarter had 61 workdays; source reports daily-growth comparison.
SAIA_FY2024_Q4_2024-12-31,Saia,2024-12-31,yield_ex_fuel_reported,-2.3,Yield excluding fuel surcharge growth where source uses yield language,2025-02-07,Financial highlights and operating statistics tables,https://www.sec.gov/Archives/edgar/data/1177702/000095017025012023/saia-ex99_1.htm,outputs\phase1b_ltl_peer_panel\sources\SAIA_2024_Q4_SEC_ex99_1.htm,Reported,High,Prior-year quarter had 61 workdays; source reports daily-growth comparison.
SAIA_FY2025_Q1_2025-03-31,Saia,2025-03-31,revenue_m,787.575,Revenue / Operating Revenue / Segment revenue,2025-04-25,Financial highlights and operating statistics tables,https://www.sec.gov/Archives/edgar/data/1177702/000095017025058331/saia-ex99_1.htm,outputs\phase1b_ltl_peer_panel\sources\SAIA_2025_Q1_SEC_ex99_1.htm,Reported,High,Prior-year quarter had 64 workdays; source reports daily-growth comparison.
SAIA_FY2025_Q1_2025-03-31,Saia,2025-03-31,operating_income_m,70.168,Operating income / Operating Income,2025-04-25,Financial highlights and operating statistics tables,https://www.sec.gov/Archives/edgar/data/1177702/000095017025058331/saia-ex99_1.htm,outputs\phase1b_ltl_peer_panel\sources\SAIA_2025_Q1_SEC_ex99_1.htm,Reported,High,Prior-year quarter had 64 workdays; source reports daily-growth comparison.
SAIA_FY2025_Q1_2025-03-31,Saia,2025-03-31,operating_margin_pct,8.9,Operating margin / derived from operating ratio where applicable,2025-04-25,Financial highlights and operating statistics tables,https://www.sec.gov/Archives/edgar/data/1177702/000095017025058331/saia-ex99_1.htm,outputs\phase1b_ltl_peer_panel\sources\SAIA_2025_Q1_SEC_ex99_1.htm,Reported or algebraic complement when only reciprocal ratio is reported,High,Prior-year quarter had 64 workdays; source reports daily-growth comparison.
SAIA_FY2025_Q1_2025-03-31,Saia,2025-03-31,operating_ratio_pct,91.1,Operating ratio / derived from operating margin where applicable,2025-04-25,Financial highlights and operating statistics tables,https://www.sec.gov/Archives/edgar/data/1177702/000095017025058331/saia-ex99_1.htm,outputs\phase1b_ltl_peer_panel\sources\SAIA_2025_Q1_SEC_ex99_1.htm,Reported or algebraic complement when only reciprocal ratio is reported,High,Prior-year quarter had 64 workdays; source reports daily-growth comparison.
SAIA_FY2025_Q1_2025-03-31,Saia,2025-03-31,avg_daily_shipments,34440,LTL shipments per day / Total average daily shipments / Shipments per day,2025-04-25,Financial highlights and operating statistics tables,https://www.sec.gov/Archives/edgar/data/1177702/000095017025058331/saia-ex99_1.htm,outputs\phase1b_ltl_peer_panel\sources\SAIA_2025_Q1_SEC_ex99_1.htm,"Reported in thousands; multiplied by 1,000 for count scale",High,Prior-year quarter had 64 workdays; source reports daily-growth comparison.
SAIA_FY2025_Q1_2025-03-31,Saia,2025-03-31,shipments_yoy_pct,4.6,LTL shipments per day change / Total average daily shipments change,2025-04-25,Financial highlights and operating statistics tables,https://www.sec.gov/Archives/edgar/data/1177702/000095017025058331/saia-ex99_1.htm,outputs\phase1b_ltl_peer_panel\sources\SAIA_2025_Q1_SEC_ex99_1.htm,Reported,High,Prior-year quarter had 64 workdays; source reports daily-growth comparison.
SAIA_FY2025_Q1_2025-03-31,Saia,2025-03-31,tonnage_per_day,24520,LTL tonnage per day / pounds per day converted to tons,2025-04-25,Financial highlights and operating statistics tables,https://www.sec.gov/Archives/edgar/data/1177702/000095017025058331/saia-ex99_1.htm,outputs\phase1b_ltl_peer_panel\sources\SAIA_2025_Q1_SEC_ex99_1.htm,Reported,High,Prior-year quarter had 64 workdays; source reports daily-growth comparison.
SAIA_FY2025_Q1_2025-03-31,Saia,2025-03-31,tonnage_yoy_pct,12.7,LTL tonnage per day change / pounds per day change,2025-04-25,Financial highlights and operating statistics tables,https://www.sec.gov/Archives/edgar/data/1177702/000095017025058331/saia-ex99_1.htm,outputs\phase1b_ltl_peer_panel\sources\SAIA_2025_Q1_SEC_ex99_1.htm,Reported,High,Prior-year quarter had 64 workdays; source reports daily-growth comparison.
SAIA_FY2025_Q1_2025-03-31,Saia,2025-03-31,weight_per_shipment_lbs,1424,LTL weight per shipment (lbs.) / Composite weight per shipment,2025-04-25,Financial highlights and operating statistics tables,https://www.sec.gov/Archives/edgar/data/1177702/000095017025058331/saia-ex99_1.htm,outputs\phase1b_ltl_peer_panel\sources\SAIA_2025_Q1_SEC_ex99_1.htm,Reported,High,Prior-year quarter had 64 workdays; source reports daily-growth comparison.
SAIA_FY2025_Q1_2025-03-31,Saia,2025-03-31,weight_per_shipment_yoy_pct,7.8,Weight per shipment year-over-year change,2025-04-25,Financial highlights and operating statistics tables,https://www.sec.gov/Archives/edgar/data/1177702/000095017025058331/saia-ex99_1.htm,outputs\phase1b_ltl_peer_panel\sources\SAIA_2025_Q1_SEC_ex99_1.htm,Reported,High,Prior-year quarter had 64 workdays; source reports daily-growth comparison.
SAIA_FY2025_Q1_2025-03-31,Saia,2025-03-31,revenue_per_shipment,355.48,LTL revenue per shipment / Composite revenue per shipment,2025-04-25,Financial highlights and operating statistics tables,https://www.sec.gov/Archives/edgar/data/1177702/000095017025058331/saia-ex99_1.htm,outputs\phase1b_ltl_peer_panel\sources\SAIA_2025_Q1_SEC_ex99_1.htm,Reported,High,Prior-year quarter had 64 workdays; source reports daily-growth comparison.
SAIA_FY2025_Q1_2025-03-31,Saia,2025-03-31,revenue_per_shipment_yoy_pct,1.5,Revenue per shipment year-over-year change,2025-04-25,Financial highlights and operating statistics tables,https://www.sec.gov/Archives/edgar/data/1177702/000095017025058331/saia-ex99_1.htm,outputs\phase1b_ltl_peer_panel\sources\SAIA_2025_Q1_SEC_ex99_1.htm,Reported,High,Prior-year quarter had 64 workdays; source reports daily-growth comparison.
SAIA_FY2025_Q1_2025-03-31,Saia,2025-03-31,revenue_per_shipment_ex_fuel,300.76,LTL revenue per shipment excluding fuel surcharge,2025-04-25,Financial highlights and operating statistics tables,https://www.sec.gov/Archives/edgar/data/1177702/000095017025058331/saia-ex99_1.htm,outputs\phase1b_ltl_peer_panel\sources\SAIA_2025_Q1_SEC_ex99_1.htm,Reported,High,Prior-year quarter had 64 workdays; source reports daily-growth comparison.
SAIA_FY2025_Q1_2025-03-31,Saia,2025-03-31,revenue_per_shipment_ex_fuel_yoy_pct,2.3,Revenue per shipment excluding fuel surcharge year-over-year change,2025-04-25,Financial highlights and operating statistics tables,https://www.sec.gov/Archives/edgar/data/1177702/000095017025058331/saia-ex99_1.htm,outputs\phase1b_ltl_peer_panel\sources\SAIA_2025_Q1_SEC_ex99_1.htm,Reported,High,Prior-year quarter had 64 workdays; source reports daily-growth comparison.
SAIA_FY2025_Q1_2025-03-31,Saia,2025-03-31,revenue_per_cwt,24.97,LTL revenue per hundredweight / Composite revenue per hundredweight,2025-04-25,Financial highlights and operating statistics tables,https://www.sec.gov/Archives/edgar/data/1177702/000095017025058331/saia-ex99_1.htm,outputs\phase1b_ltl_peer_panel\sources\SAIA_2025_Q1_SEC_ex99_1.htm,Reported,High,Prior-year quarter had 64 workdays; source reports daily-growth comparison.
SAIA_FY2025_Q1_2025-03-31,Saia,2025-03-31,revenue_per_cwt_yoy_pct,-5.8,Revenue per hundredweight year-over-year change,2025-04-25,Financial highlights and operating statistics tables,https://www.sec.gov/Archives/edgar/data/1177702/000095017025058331/saia-ex99_1.htm,outputs\phase1b_ltl_peer_panel\sources\SAIA_2025_Q1_SEC_ex99_1.htm,Reported,High,Prior-year quarter had 64 workdays; source reports daily-growth comparison.
SAIA_FY2025_Q1_2025-03-31,Saia,2025-03-31,revenue_per_cwt_ex_fuel,21.12,LTL revenue per hundredweight excluding fuel surcharge,2025-04-25,Financial highlights and operating statistics tables,https://www.sec.gov/Archives/edgar/data/1177702/000095017025058331/saia-ex99_1.htm,outputs\phase1b_ltl_peer_panel\sources\SAIA_2025_Q1_SEC_ex99_1.htm,Reported,High,Prior-year quarter had 64 workdays; source reports daily-growth comparison.
SAIA_FY2025_Q1_2025-03-31,Saia,2025-03-31,revenue_per_cwt_ex_fuel_yoy_pct,-5.1,Revenue per hundredweight excluding fuel surcharge year-over-year change,2025-04-25,Financial highlights and operating statistics tables,https://www.sec.gov/Archives/edgar/data/1177702/000095017025058331/saia-ex99_1.htm,outputs\phase1b_ltl_peer_panel\sources\SAIA_2025_Q1_SEC_ex99_1.htm,Reported,High,Prior-year quarter had 64 workdays; source reports daily-growth comparison.
SAIA_FY2025_Q1_2025-03-31,Saia,2025-03-31,yield_ex_fuel_reported,-5.1,Yield excluding fuel surcharge growth where source uses yield language,2025-04-25,Financial highlights and operating statistics tables,https://www.sec.gov/Archives/edgar/data/1177702/000095017025058331/saia-ex99_1.htm,outputs\phase1b_ltl_peer_panel\sources\SAIA_2025_Q1_SEC_ex99_1.htm,Reported,High,Prior-year quarter had 64 workdays; source reports daily-growth comparison.
SAIA_FY2025_Q2_2025-06-30,Saia,2025-06-30,revenue_m,817.115,Revenue / Operating Revenue / Segment revenue,2025-07-25,Financial highlights and operating statistics tables,https://www.sec.gov/Archives/edgar/data/1177702/000095017025098577/saia-ex99_1.htm,outputs\phase1b_ltl_peer_panel\sources\SAIA_2025_Q2_SEC_ex99_1.htm,Reported,High,"Saia tonnage and shipment rows are reported in thousands; daily values multiplied by 1,000."
SAIA_FY2025_Q2_2025-06-30,Saia,2025-06-30,operating_income_m,99.399,Operating income / Operating Income,2025-07-25,Financial highlights and operating statistics tables,https://www.sec.gov/Archives/edgar/data/1177702/000095017025098577/saia-ex99_1.htm,outputs\phase1b_ltl_peer_panel\sources\SAIA_2025_Q2_SEC_ex99_1.htm,Reported,High,"Saia tonnage and shipment rows are reported in thousands; daily values multiplied by 1,000."
SAIA_FY2025_Q2_2025-06-30,Saia,2025-06-30,operating_margin_pct,12.2,Operating margin / derived from operating ratio where applicable,2025-07-25,Financial highlights and operating statistics tables,https://www.sec.gov/Archives/edgar/data/1177702/000095017025098577/saia-ex99_1.htm,outputs\phase1b_ltl_peer_panel\sources\SAIA_2025_Q2_SEC_ex99_1.htm,Reported or algebraic complement when only reciprocal ratio is reported,High,"Saia tonnage and shipment rows are reported in thousands; daily values multiplied by 1,000."
SAIA_FY2025_Q2_2025-06-30,Saia,2025-06-30,operating_ratio_pct,87.8,Operating ratio / derived from operating margin where applicable,2025-07-25,Financial highlights and operating statistics tables,https://www.sec.gov/Archives/edgar/data/1177702/000095017025098577/saia-ex99_1.htm,outputs\phase1b_ltl_peer_panel\sources\SAIA_2025_Q2_SEC_ex99_1.htm,Reported or algebraic complement when only reciprocal ratio is reported,High,"Saia tonnage and shipment rows are reported in thousands; daily values multiplied by 1,000."
SAIA_FY2025_Q2_2025-06-30,Saia,2025-06-30,avg_daily_shipments,35330,LTL shipments per day / Total average daily shipments / Shipments per day,2025-07-25,Financial highlights and operating statistics tables,https://www.sec.gov/Archives/edgar/data/1177702/000095017025098577/saia-ex99_1.htm,outputs\phase1b_ltl_peer_panel\sources\SAIA_2025_Q2_SEC_ex99_1.htm,"Reported in thousands; multiplied by 1,000 for count scale",High,"Saia tonnage and shipment rows are reported in thousands; daily values multiplied by 1,000."
SAIA_FY2025_Q2_2025-06-30,Saia,2025-06-30,shipments_yoy_pct,-2.8,LTL shipments per day change / Total average daily shipments change,2025-07-25,Financial highlights and operating statistics tables,https://www.sec.gov/Archives/edgar/data/1177702/000095017025098577/saia-ex99_1.htm,outputs\phase1b_ltl_peer_panel\sources\SAIA_2025_Q2_SEC_ex99_1.htm,Reported,High,"Saia tonnage and shipment rows are reported in thousands; daily values multiplied by 1,000."
SAIA_FY2025_Q2_2025-06-30,Saia,2025-06-30,tonnage_per_day,24630,LTL tonnage per day / pounds per day converted to tons,2025-07-25,Financial highlights and operating statistics tables,https://www.sec.gov/Archives/edgar/data/1177702/000095017025098577/saia-ex99_1.htm,outputs\phase1b_ltl_peer_panel\sources\SAIA_2025_Q2_SEC_ex99_1.htm,Reported,High,"Saia tonnage and shipment rows are reported in thousands; daily values multiplied by 1,000."
SAIA_FY2025_Q2_2025-06-30,Saia,2025-06-30,tonnage_yoy_pct,1.1,LTL tonnage per day change / pounds per day change,2025-07-25,Financial highlights and operating statistics tables,https://www.sec.gov/Archives/edgar/data/1177702/000095017025098577/saia-ex99_1.htm,outputs\phase1b_ltl_peer_panel\sources\SAIA_2025_Q2_SEC_ex99_1.htm,Reported,High,"Saia tonnage and shipment rows are reported in thousands; daily values multiplied by 1,000."
SAIA_FY2025_Q2_2025-06-30,Saia,2025-06-30,weight_per_shipment_lbs,1394,LTL weight per shipment (lbs.) / Composite weight per shipment,2025-07-25,Financial highlights and operating statistics tables,https://www.sec.gov/Archives/edgar/data/1177702/000095017025098577/saia-ex99_1.htm,outputs\phase1b_ltl_peer_panel\sources\SAIA_2025_Q2_SEC_ex99_1.htm,Reported,High,"Saia tonnage and shipment rows are reported in thousands; daily values multiplied by 1,000."
SAIA_FY2025_Q2_2025-06-30,Saia,2025-06-30,weight_per_shipment_yoy_pct,4.0,Weight per shipment year-over-year change,2025-07-25,Financial highlights and operating statistics tables,https://www.sec.gov/Archives/edgar/data/1177702/000095017025098577/saia-ex99_1.htm,outputs\phase1b_ltl_peer_panel\sources\SAIA_2025_Q2_SEC_ex99_1.htm,Reported,High,"Saia tonnage and shipment rows are reported in thousands; daily values multiplied by 1,000."
SAIA_FY2025_Q2_2025-06-30,Saia,2025-06-30,revenue_per_shipment,351.36,LTL revenue per shipment / Composite revenue per shipment,2025-07-25,Financial highlights and operating statistics tables,https://www.sec.gov/Archives/edgar/data/1177702/000095017025098577/saia-ex99_1.htm,outputs\phase1b_ltl_peer_panel\sources\SAIA_2025_Q2_SEC_ex99_1.htm,Reported,High,"Saia tonnage and shipment rows are reported in thousands; daily values multiplied by 1,000."
SAIA_FY2025_Q2_2025-06-30,Saia,2025-06-30,revenue_per_shipment_yoy_pct,1.8,Revenue per shipment year-over-year change,2025-07-25,Financial highlights and operating statistics tables,https://www.sec.gov/Archives/edgar/data/1177702/000095017025098577/saia-ex99_1.htm,outputs\phase1b_ltl_peer_panel\sources\SAIA_2025_Q2_SEC_ex99_1.htm,Reported,High,"Saia tonnage and shipment rows are reported in thousands; daily values multiplied by 1,000."
SAIA_FY2025_Q2_2025-06-30,Saia,2025-06-30,revenue_per_shipment_ex_fuel,298.71,LTL revenue per shipment excluding fuel surcharge,2025-07-25,Financial highlights and operating statistics tables,https://www.sec.gov/Archives/edgar/data/1177702/000095017025098577/saia-ex99_1.htm,outputs\phase1b_ltl_peer_panel\sources\SAIA_2025_Q2_SEC_ex99_1.htm,Reported,High,"Saia tonnage and shipment rows are reported in thousands; daily values multiplied by 1,000."
SAIA_FY2025_Q2_2025-06-30,Saia,2025-06-30,revenue_per_shipment_ex_fuel_yoy_pct,2.7,Revenue per shipment excluding fuel surcharge year-over-year change,2025-07-25,Financial highlights and operating statistics tables,https://www.sec.gov/Archives/edgar/data/1177702/000095017025098577/saia-ex99_1.htm,outputs\phase1b_ltl_peer_panel\sources\SAIA_2025_Q2_SEC_ex99_1.htm,Reported,High,"Saia tonnage and shipment rows are reported in thousands; daily values multiplied by 1,000."
SAIA_FY2025_Q2_2025-06-30,Saia,2025-06-30,revenue_per_cwt,25.2,LTL revenue per hundredweight / Composite revenue per hundredweight,2025-07-25,Financial highlights and operating statistics tables,https://www.sec.gov/Archives/edgar/data/1177702/000095017025098577/saia-ex99_1.htm,outputs\phase1b_ltl_peer_panel\sources\SAIA_2025_Q2_SEC_ex99_1.htm,Reported,High,"Saia tonnage and shipment rows are reported in thousands; daily values multiplied by 1,000."
SAIA_FY2025_Q2_2025-06-30,Saia,2025-06-30,revenue_per_cwt_yoy_pct,-2.1,Revenue per hundredweight year-over-year change,2025-07-25,Financial highlights and operating statistics tables,https://www.sec.gov/Archives/edgar/data/1177702/000095017025098577/saia-ex99_1.htm,outputs\phase1b_ltl_peer_panel\sources\SAIA_2025_Q2_SEC_ex99_1.htm,Reported,High,"Saia tonnage and shipment rows are reported in thousands; daily values multiplied by 1,000."
SAIA_FY2025_Q2_2025-06-30,Saia,2025-06-30,revenue_per_cwt_ex_fuel,21.42,LTL revenue per hundredweight excluding fuel surcharge,2025-07-25,Financial highlights and operating statistics tables,https://www.sec.gov/Archives/edgar/data/1177702/000095017025098577/saia-ex99_1.htm,outputs\phase1b_ltl_peer_panel\sources\SAIA_2025_Q2_SEC_ex99_1.htm,Reported,High,"Saia tonnage and shipment rows are reported in thousands; daily values multiplied by 1,000."
SAIA_FY2025_Q2_2025-06-30,Saia,2025-06-30,revenue_per_cwt_ex_fuel_yoy_pct,-1.2,Revenue per hundredweight excluding fuel surcharge year-over-year change,2025-07-25,Financial highlights and operating statistics tables,https://www.sec.gov/Archives/edgar/data/1177702/000095017025098577/saia-ex99_1.htm,outputs\phase1b_ltl_peer_panel\sources\SAIA_2025_Q2_SEC_ex99_1.htm,Reported,High,"Saia tonnage and shipment rows are reported in thousands; daily values multiplied by 1,000."
SAIA_FY2025_Q2_2025-06-30,Saia,2025-06-30,yield_ex_fuel_reported,-1.2,Yield excluding fuel surcharge growth where source uses yield language,2025-07-25,Financial highlights and operating statistics tables,https://www.sec.gov/Archives/edgar/data/1177702/000095017025098577/saia-ex99_1.htm,outputs\phase1b_ltl_peer_panel\sources\SAIA_2025_Q2_SEC_ex99_1.htm,Reported,High,"Saia tonnage and shipment rows are reported in thousands; daily values multiplied by 1,000."
SAIA_FY2025_Q3_2025-09-30,Saia,2025-09-30,revenue_m,839.644,Revenue / Operating Revenue / Segment revenue,2025-10-24,Financial highlights and operating statistics tables,https://www.sec.gov/Archives/edgar/data/1177702/000119312525257441/saia-ex99_1.htm,outputs\phase1b_ltl_peer_panel\sources\SAIA_2025_Q3_SEC_ex99_1.htm,Reported,High,"Saia tonnage and shipment rows are reported in thousands; daily values multiplied by 1,000."
SAIA_FY2025_Q3_2025-09-30,Saia,2025-09-30,operating_income_m,118.61,Operating income / Operating Income,2025-10-24,Financial highlights and operating statistics tables,https://www.sec.gov/Archives/edgar/data/1177702/000119312525257441/saia-ex99_1.htm,outputs\phase1b_ltl_peer_panel\sources\SAIA_2025_Q3_SEC_ex99_1.htm,Reported,High,"Saia tonnage and shipment rows are reported in thousands; daily values multiplied by 1,000."
SAIA_FY2025_Q3_2025-09-30,Saia,2025-09-30,operating_margin_pct,14.1,Operating margin / derived from operating ratio where applicable,2025-10-24,Financial highlights and operating statistics tables,https://www.sec.gov/Archives/edgar/data/1177702/000119312525257441/saia-ex99_1.htm,outputs\phase1b_ltl_peer_panel\sources\SAIA_2025_Q3_SEC_ex99_1.htm,Reported or algebraic complement when only reciprocal ratio is reported,High,"Saia tonnage and shipment rows are reported in thousands; daily values multiplied by 1,000."
SAIA_FY2025_Q3_2025-09-30,Saia,2025-09-30,operating_ratio_pct,85.9,Operating ratio / derived from operating margin where applicable,2025-10-24,Financial highlights and operating statistics tables,https://www.sec.gov/Archives/edgar/data/1177702/000119312525257441/saia-ex99_1.htm,outputs\phase1b_ltl_peer_panel\sources\SAIA_2025_Q3_SEC_ex99_1.htm,Reported or algebraic complement when only reciprocal ratio is reported,High,"Saia tonnage and shipment rows are reported in thousands; daily values multiplied by 1,000."
SAIA_FY2025_Q3_2025-09-30,Saia,2025-09-30,avg_daily_shipments,36450,LTL shipments per day / Total average daily shipments / Shipments per day,2025-10-24,Financial highlights and operating statistics tables,https://www.sec.gov/Archives/edgar/data/1177702/000119312525257441/saia-ex99_1.htm,outputs\phase1b_ltl_peer_panel\sources\SAIA_2025_Q3_SEC_ex99_1.htm,"Reported in thousands; multiplied by 1,000 for count scale",High,"Saia tonnage and shipment rows are reported in thousands; daily values multiplied by 1,000."
SAIA_FY2025_Q3_2025-09-30,Saia,2025-09-30,shipments_yoy_pct,-1.9,LTL shipments per day change / Total average daily shipments change,2025-10-24,Financial highlights and operating statistics tables,https://www.sec.gov/Archives/edgar/data/1177702/000119312525257441/saia-ex99_1.htm,outputs\phase1b_ltl_peer_panel\sources\SAIA_2025_Q3_SEC_ex99_1.htm,Reported,High,"Saia tonnage and shipment rows are reported in thousands; daily values multiplied by 1,000."
SAIA_FY2025_Q3_2025-09-30,Saia,2025-09-30,tonnage_per_day,24700,LTL tonnage per day / pounds per day converted to tons,2025-10-24,Financial highlights and operating statistics tables,https://www.sec.gov/Archives/edgar/data/1177702/000119312525257441/saia-ex99_1.htm,outputs\phase1b_ltl_peer_panel\sources\SAIA_2025_Q3_SEC_ex99_1.htm,Reported,High,"Saia tonnage and shipment rows are reported in thousands; daily values multiplied by 1,000."
SAIA_FY2025_Q3_2025-09-30,Saia,2025-09-30,tonnage_yoy_pct,-1.5,LTL tonnage per day change / pounds per day change,2025-10-24,Financial highlights and operating statistics tables,https://www.sec.gov/Archives/edgar/data/1177702/000119312525257441/saia-ex99_1.htm,outputs\phase1b_ltl_peer_panel\sources\SAIA_2025_Q3_SEC_ex99_1.htm,Reported,High,"Saia tonnage and shipment rows are reported in thousands; daily values multiplied by 1,000."
SAIA_FY2025_Q3_2025-09-30,Saia,2025-09-30,weight_per_shipment_lbs,1355,LTL weight per shipment (lbs.) / Composite weight per shipment,2025-10-24,Financial highlights and operating statistics tables,https://www.sec.gov/Archives/edgar/data/1177702/000119312525257441/saia-ex99_1.htm,outputs\phase1b_ltl_peer_panel\sources\SAIA_2025_Q3_SEC_ex99_1.htm,Reported,High,"Saia tonnage and shipment rows are reported in thousands; daily values multiplied by 1,000."
SAIA_FY2025_Q3_2025-09-30,Saia,2025-09-30,weight_per_shipment_yoy_pct,0.4,Weight per shipment year-over-year change,2025-10-24,Financial highlights and operating statistics tables,https://www.sec.gov/Archives/edgar/data/1177702/000119312525257441/saia-ex99_1.htm,outputs\phase1b_ltl_peer_panel\sources\SAIA_2025_Q3_SEC_ex99_1.htm,Reported,High,"Saia tonnage and shipment rows are reported in thousands; daily values multiplied by 1,000."
SAIA_FY2025_Q3_2025-09-30,Saia,2025-09-30,revenue_per_shipment,349.07,LTL revenue per shipment / Composite revenue per shipment,2025-10-24,Financial highlights and operating statistics tables,https://www.sec.gov/Archives/edgar/data/1177702/000119312525257441/saia-ex99_1.htm,outputs\phase1b_ltl_peer_panel\sources\SAIA_2025_Q3_SEC_ex99_1.htm,Reported,High,"Saia tonnage and shipment rows are reported in thousands; daily values multiplied by 1,000."
SAIA_FY2025_Q3_2025-09-30,Saia,2025-09-30,revenue_per_shipment_yoy_pct,0.9,Revenue per shipment year-over-year change,2025-10-24,Financial highlights and operating statistics tables,https://www.sec.gov/Archives/edgar/data/1177702/000119312525257441/saia-ex99_1.htm,outputs\phase1b_ltl_peer_panel\sources\SAIA_2025_Q3_SEC_ex99_1.htm,Reported,High,"Saia tonnage and shipment rows are reported in thousands; daily values multiplied by 1,000."
SAIA_FY2025_Q3_2025-09-30,Saia,2025-09-30,revenue_per_shipment_ex_fuel,294.35,LTL revenue per shipment excluding fuel surcharge,2025-10-24,Financial highlights and operating statistics tables,https://www.sec.gov/Archives/edgar/data/1177702/000119312525257441/saia-ex99_1.htm,outputs\phase1b_ltl_peer_panel\sources\SAIA_2025_Q3_SEC_ex99_1.htm,Reported,High,"Saia tonnage and shipment rows are reported in thousands; daily values multiplied by 1,000."
SAIA_FY2025_Q3_2025-09-30,Saia,2025-09-30,revenue_per_shipment_ex_fuel_yoy_pct,0.3,Revenue per shipment excluding fuel surcharge year-over-year change,2025-10-24,Financial highlights and operating statistics tables,https://www.sec.gov/Archives/edgar/data/1177702/000119312525257441/saia-ex99_1.htm,outputs\phase1b_ltl_peer_panel\sources\SAIA_2025_Q3_SEC_ex99_1.htm,Reported,High,"Saia tonnage and shipment rows are reported in thousands; daily values multiplied by 1,000."
SAIA_FY2025_Q3_2025-09-30,Saia,2025-09-30,revenue_per_cwt,25.76,LTL revenue per hundredweight / Composite revenue per hundredweight,2025-10-24,Financial highlights and operating statistics tables,https://www.sec.gov/Archives/edgar/data/1177702/000119312525257441/saia-ex99_1.htm,outputs\phase1b_ltl_peer_panel\sources\SAIA_2025_Q3_SEC_ex99_1.htm,Reported,High,"Saia tonnage and shipment rows are reported in thousands; daily values multiplied by 1,000."
SAIA_FY2025_Q3_2025-09-30,Saia,2025-09-30,revenue_per_cwt_yoy_pct,0.5,Revenue per hundredweight year-over-year change,2025-10-24,Financial highlights and operating statistics tables,https://www.sec.gov/Archives/edgar/data/1177702/000119312525257441/saia-ex99_1.htm,outputs\phase1b_ltl_peer_panel\sources\SAIA_2025_Q3_SEC_ex99_1.htm,Reported,High,"Saia tonnage and shipment rows are reported in thousands; daily values multiplied by 1,000."
SAIA_FY2025_Q3_2025-09-30,Saia,2025-09-30,revenue_per_cwt_ex_fuel,21.72,LTL revenue per hundredweight excluding fuel surcharge,2025-10-24,Financial highlights and operating statistics tables,https://www.sec.gov/Archives/edgar/data/1177702/000119312525257441/saia-ex99_1.htm,outputs\phase1b_ltl_peer_panel\sources\SAIA_2025_Q3_SEC_ex99_1.htm,Reported,High,"Saia tonnage and shipment rows are reported in thousands; daily values multiplied by 1,000."
SAIA_FY2025_Q3_2025-09-30,Saia,2025-09-30,revenue_per_cwt_ex_fuel_yoy_pct,-0.1,Revenue per hundredweight excluding fuel surcharge year-over-year change,2025-10-24,Financial highlights and operating statistics tables,https://www.sec.gov/Archives/edgar/data/1177702/000119312525257441/saia-ex99_1.htm,outputs\phase1b_ltl_peer_panel\sources\SAIA_2025_Q3_SEC_ex99_1.htm,Reported,High,"Saia tonnage and shipment rows are reported in thousands; daily values multiplied by 1,000."
SAIA_FY2025_Q3_2025-09-30,Saia,2025-09-30,yield_ex_fuel_reported,-0.1,Yield excluding fuel surcharge growth where source uses yield language,2025-10-24,Financial highlights and operating statistics tables,https://www.sec.gov/Archives/edgar/data/1177702/000119312525257441/saia-ex99_1.htm,outputs\phase1b_ltl_peer_panel\sources\SAIA_2025_Q3_SEC_ex99_1.htm,Reported,High,"Saia tonnage and shipment rows are reported in thousands; daily values multiplied by 1,000."
SAIA_FY2025_Q4_2025-12-31,Saia,2025-12-31,revenue_m,789.952,Revenue / Operating Revenue / Segment revenue,2026-02-06,Financial highlights and operating statistics tables,https://www.sec.gov/Archives/edgar/data/1177702/000119312526043714/saia-ex99_1.htm,outputs\phase1b_ltl_peer_panel\sources\SAIA_2025_Q4_SEC_ex99_1.htm,Reported,High,"Saia tonnage and shipment rows are reported in thousands; daily values multiplied by 1,000."
SAIA_FY2025_Q4_2025-12-31,Saia,2025-12-31,operating_income_m,64.023,Operating income / Operating Income,2026-02-06,Financial highlights and operating statistics tables,https://www.sec.gov/Archives/edgar/data/1177702/000119312526043714/saia-ex99_1.htm,outputs\phase1b_ltl_peer_panel\sources\SAIA_2025_Q4_SEC_ex99_1.htm,Reported,High,"Saia tonnage and shipment rows are reported in thousands; daily values multiplied by 1,000."
SAIA_FY2025_Q4_2025-12-31,Saia,2025-12-31,operating_margin_pct,8.1,Operating margin / derived from operating ratio where applicable,2026-02-06,Financial highlights and operating statistics tables,https://www.sec.gov/Archives/edgar/data/1177702/000119312526043714/saia-ex99_1.htm,outputs\phase1b_ltl_peer_panel\sources\SAIA_2025_Q4_SEC_ex99_1.htm,Reported or algebraic complement when only reciprocal ratio is reported,High,"Saia tonnage and shipment rows are reported in thousands; daily values multiplied by 1,000."
SAIA_FY2025_Q4_2025-12-31,Saia,2025-12-31,operating_ratio_pct,91.9,Operating ratio / derived from operating margin where applicable,2026-02-06,Financial highlights and operating statistics tables,https://www.sec.gov/Archives/edgar/data/1177702/000119312526043714/saia-ex99_1.htm,outputs\phase1b_ltl_peer_panel\sources\SAIA_2025_Q4_SEC_ex99_1.htm,Reported or algebraic complement when only reciprocal ratio is reported,High,"Saia tonnage and shipment rows are reported in thousands; daily values multiplied by 1,000."
SAIA_FY2025_Q4_2025-12-31,Saia,2025-12-31,avg_daily_shipments,34900,LTL shipments per day / Total average daily shipments / Shipments per day,2026-02-06,Financial highlights and operating statistics tables,https://www.sec.gov/Archives/edgar/data/1177702/000119312526043714/saia-ex99_1.htm,outputs\phase1b_ltl_peer_panel\sources\SAIA_2025_Q4_SEC_ex99_1.htm,"Reported in thousands; multiplied by 1,000 for count scale",High,"Saia tonnage and shipment rows are reported in thousands; daily values multiplied by 1,000."
SAIA_FY2025_Q4_2025-12-31,Saia,2025-12-31,shipments_yoy_pct,-0.5,LTL shipments per day change / Total average daily shipments change,2026-02-06,Financial highlights and operating statistics tables,https://www.sec.gov/Archives/edgar/data/1177702/000119312526043714/saia-ex99_1.htm,outputs\phase1b_ltl_peer_panel\sources\SAIA_2025_Q4_SEC_ex99_1.htm,Reported,High,"Saia tonnage and shipment rows are reported in thousands; daily values multiplied by 1,000."
SAIA_FY2025_Q4_2025-12-31,Saia,2025-12-31,tonnage_per_day,23530,LTL tonnage per day / pounds per day converted to tons,2026-02-06,Financial highlights and operating statistics tables,https://www.sec.gov/Archives/edgar/data/1177702/000119312526043714/saia-ex99_1.htm,outputs\phase1b_ltl_peer_panel\sources\SAIA_2025_Q4_SEC_ex99_1.htm,Reported,High,"Saia tonnage and shipment rows are reported in thousands; daily values multiplied by 1,000."
SAIA_FY2025_Q4_2025-12-31,Saia,2025-12-31,tonnage_yoy_pct,-1.5,LTL tonnage per day change / pounds per day change,2026-02-06,Financial highlights and operating statistics tables,https://www.sec.gov/Archives/edgar/data/1177702/000119312526043714/saia-ex99_1.htm,outputs\phase1b_ltl_peer_panel\sources\SAIA_2025_Q4_SEC_ex99_1.htm,Reported,High,"Saia tonnage and shipment rows are reported in thousands; daily values multiplied by 1,000."
SAIA_FY2025_Q4_2025-12-31,Saia,2025-12-31,weight_per_shipment_lbs,1348,LTL weight per shipment (lbs.) / Composite weight per shipment,2026-02-06,Financial highlights and operating statistics tables,https://www.sec.gov/Archives/edgar/data/1177702/000119312526043714/saia-ex99_1.htm,outputs\phase1b_ltl_peer_panel\sources\SAIA_2025_Q4_SEC_ex99_1.htm,Reported,High,"Saia tonnage and shipment rows are reported in thousands; daily values multiplied by 1,000."
SAIA_FY2025_Q4_2025-12-31,Saia,2025-12-31,weight_per_shipment_yoy_pct,-1.0,Weight per shipment year-over-year change,2026-02-06,Financial highlights and operating statistics tables,https://www.sec.gov/Archives/edgar/data/1177702/000119312526043714/saia-ex99_1.htm,outputs\phase1b_ltl_peer_panel\sources\SAIA_2025_Q4_SEC_ex99_1.htm,Reported,High,"Saia tonnage and shipment rows are reported in thousands; daily values multiplied by 1,000."
SAIA_FY2025_Q4_2025-12-31,Saia,2025-12-31,revenue_per_shipment,352.27,LTL revenue per shipment / Composite revenue per shipment,2026-02-06,Financial highlights and operating statistics tables,https://www.sec.gov/Archives/edgar/data/1177702/000119312526043714/saia-ex99_1.htm,outputs\phase1b_ltl_peer_panel\sources\SAIA_2025_Q4_SEC_ex99_1.htm,Reported,High,"Saia tonnage and shipment rows are reported in thousands; daily values multiplied by 1,000."
SAIA_FY2025_Q4_2025-12-31,Saia,2025-12-31,revenue_per_shipment_yoy_pct,0.5,Revenue per shipment year-over-year change,2026-02-06,Financial highlights and operating statistics tables,https://www.sec.gov/Archives/edgar/data/1177702/000119312526043714/saia-ex99_1.htm,outputs\phase1b_ltl_peer_panel\sources\SAIA_2025_Q4_SEC_ex99_1.htm,Reported,High,"Saia tonnage and shipment rows are reported in thousands; daily values multiplied by 1,000."
SAIA_FY2025_Q4_2025-12-31,Saia,2025-12-31,revenue_per_shipment_ex_fuel,297.57,LTL revenue per shipment excluding fuel surcharge,2026-02-06,Financial highlights and operating statistics tables,https://www.sec.gov/Archives/edgar/data/1177702/000119312526043714/saia-ex99_1.htm,outputs\phase1b_ltl_peer_panel\sources\SAIA_2025_Q4_SEC_ex99_1.htm,Reported,High,"Saia tonnage and shipment rows are reported in thousands; daily values multiplied by 1,000."
SAIA_FY2025_Q4_2025-12-31,Saia,2025-12-31,revenue_per_shipment_ex_fuel_yoy_pct,-0.5,Revenue per shipment excluding fuel surcharge year-over-year change,2026-02-06,Financial highlights and operating statistics tables,https://www.sec.gov/Archives/edgar/data/1177702/000119312526043714/saia-ex99_1.htm,outputs\phase1b_ltl_peer_panel\sources\SAIA_2025_Q4_SEC_ex99_1.htm,Reported,High,"Saia tonnage and shipment rows are reported in thousands; daily values multiplied by 1,000."
SAIA_FY2025_Q4_2025-12-31,Saia,2025-12-31,revenue_per_cwt,26.13,LTL revenue per hundredweight / Composite revenue per hundredweight,2026-02-06,Financial highlights and operating statistics tables,https://www.sec.gov/Archives/edgar/data/1177702/000119312526043714/saia-ex99_1.htm,outputs\phase1b_ltl_peer_panel\sources\SAIA_2025_Q4_SEC_ex99_1.htm,Reported,High,"Saia tonnage and shipment rows are reported in thousands; daily values multiplied by 1,000."
SAIA_FY2025_Q4_2025-12-31,Saia,2025-12-31,revenue_per_cwt_yoy_pct,1.6,Revenue per hundredweight year-over-year change,2026-02-06,Financial highlights and operating statistics tables,https://www.sec.gov/Archives/edgar/data/1177702/000119312526043714/saia-ex99_1.htm,outputs\phase1b_ltl_peer_panel\sources\SAIA_2025_Q4_SEC_ex99_1.htm,Reported,High,"Saia tonnage and shipment rows are reported in thousands; daily values multiplied by 1,000."
SAIA_FY2025_Q4_2025-12-31,Saia,2025-12-31,revenue_per_cwt_ex_fuel,22.07,LTL revenue per hundredweight excluding fuel surcharge,2026-02-06,Financial highlights and operating statistics tables,https://www.sec.gov/Archives/edgar/data/1177702/000119312526043714/saia-ex99_1.htm,outputs\phase1b_ltl_peer_panel\sources\SAIA_2025_Q4_SEC_ex99_1.htm,Reported,High,"Saia tonnage and shipment rows are reported in thousands; daily values multiplied by 1,000."
SAIA_FY2025_Q4_2025-12-31,Saia,2025-12-31,revenue_per_cwt_ex_fuel_yoy_pct,0.5,Revenue per hundredweight excluding fuel surcharge year-over-year change,2026-02-06,Financial highlights and operating statistics tables,https://www.sec.gov/Archives/edgar/data/1177702/000119312526043714/saia-ex99_1.htm,outputs\phase1b_ltl_peer_panel\sources\SAIA_2025_Q4_SEC_ex99_1.htm,Reported,High,"Saia tonnage and shipment rows are reported in thousands; daily values multiplied by 1,000."
SAIA_FY2025_Q4_2025-12-31,Saia,2025-12-31,yield_ex_fuel_reported,0.5,Yield excluding fuel surcharge growth where source uses yield language,2026-02-06,Financial highlights and operating statistics tables,https://www.sec.gov/Archives/edgar/data/1177702/000119312526043714/saia-ex99_1.htm,outputs\phase1b_ltl_peer_panel\sources\SAIA_2025_Q4_SEC_ex99_1.htm,Reported,High,"Saia tonnage and shipment rows are reported in thousands; daily values multiplied by 1,000."
SAIA_FY2026_Q1_2026-03-31,Saia,2026-03-31,revenue_m,806.226,Revenue / Operating Revenue / Segment revenue,2026-04-24,Financial highlights and operating statistics tables,https://www.sec.gov/Archives/edgar/data/1177702/000119312526194062/saia-ex99_1.htm,outputs\phase1b_ltl_peer_panel\sources\SAIA_2026_Q1_SEC_ex99_1.htm,Reported,High,"Saia tonnage and shipment rows are reported in thousands; daily values multiplied by 1,000."
SAIA_FY2026_Q1_2026-03-31,Saia,2026-03-31,operating_income_m,66.806,Operating income / Operating Income,2026-04-24,Financial highlights and operating statistics tables,https://www.sec.gov/Archives/edgar/data/1177702/000119312526194062/saia-ex99_1.htm,outputs\phase1b_ltl_peer_panel\sources\SAIA_2026_Q1_SEC_ex99_1.htm,Reported,High,"Saia tonnage and shipment rows are reported in thousands; daily values multiplied by 1,000."
SAIA_FY2026_Q1_2026-03-31,Saia,2026-03-31,operating_margin_pct,8.3,Operating margin / derived from operating ratio where applicable,2026-04-24,Financial highlights and operating statistics tables,https://www.sec.gov/Archives/edgar/data/1177702/000119312526194062/saia-ex99_1.htm,outputs\phase1b_ltl_peer_panel\sources\SAIA_2026_Q1_SEC_ex99_1.htm,Reported or algebraic complement when only reciprocal ratio is reported,High,"Saia tonnage and shipment rows are reported in thousands; daily values multiplied by 1,000."
SAIA_FY2026_Q1_2026-03-31,Saia,2026-03-31,operating_ratio_pct,91.7,Operating ratio / derived from operating margin where applicable,2026-04-24,Financial highlights and operating statistics tables,https://www.sec.gov/Archives/edgar/data/1177702/000119312526194062/saia-ex99_1.htm,outputs\phase1b_ltl_peer_panel\sources\SAIA_2026_Q1_SEC_ex99_1.htm,Reported or algebraic complement when only reciprocal ratio is reported,High,"Saia tonnage and shipment rows are reported in thousands; daily values multiplied by 1,000."
SAIA_FY2026_Q1_2026-03-31,Saia,2026-03-31,avg_daily_shipments,34790,LTL shipments per day / Total average daily shipments / Shipments per day,2026-04-24,Financial highlights and operating statistics tables,https://www.sec.gov/Archives/edgar/data/1177702/000119312526194062/saia-ex99_1.htm,outputs\phase1b_ltl_peer_panel\sources\SAIA_2026_Q1_SEC_ex99_1.htm,"Reported in thousands; multiplied by 1,000 for count scale",High,"Saia tonnage and shipment rows are reported in thousands; daily values multiplied by 1,000."
SAIA_FY2026_Q1_2026-03-31,Saia,2026-03-31,shipments_yoy_pct,1.0,LTL shipments per day change / Total average daily shipments change,2026-04-24,Financial highlights and operating statistics tables,https://www.sec.gov/Archives/edgar/data/1177702/000119312526194062/saia-ex99_1.htm,outputs\phase1b_ltl_peer_panel\sources\SAIA_2026_Q1_SEC_ex99_1.htm,Reported,High,"Saia tonnage and shipment rows are reported in thousands; daily values multiplied by 1,000."
SAIA_FY2026_Q1_2026-03-31,Saia,2026-03-31,tonnage_per_day,24020,LTL tonnage per day / pounds per day converted to tons,2026-04-24,Financial highlights and operating statistics tables,https://www.sec.gov/Archives/edgar/data/1177702/000119312526194062/saia-ex99_1.htm,outputs\phase1b_ltl_peer_panel\sources\SAIA_2026_Q1_SEC_ex99_1.htm,Reported,High,"Saia tonnage and shipment rows are reported in thousands; daily values multiplied by 1,000."
SAIA_FY2026_Q1_2026-03-31,Saia,2026-03-31,tonnage_yoy_pct,-2.1,LTL tonnage per day change / pounds per day change,2026-04-24,Financial highlights and operating statistics tables,https://www.sec.gov/Archives/edgar/data/1177702/000119312526194062/saia-ex99_1.htm,outputs\phase1b_ltl_peer_panel\sources\SAIA_2026_Q1_SEC_ex99_1.htm,Reported,High,"Saia tonnage and shipment rows are reported in thousands; daily values multiplied by 1,000."
SAIA_FY2026_Q1_2026-03-31,Saia,2026-03-31,weight_per_shipment_lbs,1380,LTL weight per shipment (lbs.) / Composite weight per shipment,2026-04-24,Financial highlights and operating statistics tables,https://www.sec.gov/Archives/edgar/data/1177702/000119312526194062/saia-ex99_1.htm,outputs\phase1b_ltl_peer_panel\sources\SAIA_2026_Q1_SEC_ex99_1.htm,Reported,High,"Saia tonnage and shipment rows are reported in thousands; daily values multiplied by 1,000."
SAIA_FY2026_Q1_2026-03-31,Saia,2026-03-31,weight_per_shipment_yoy_pct,-3.1,Weight per shipment year-over-year change,2026-04-24,Financial highlights and operating statistics tables,https://www.sec.gov/Archives/edgar/data/1177702/000119312526194062/saia-ex99_1.htm,outputs\phase1b_ltl_peer_panel\sources\SAIA_2026_Q1_SEC_ex99_1.htm,Reported,High,"Saia tonnage and shipment rows are reported in thousands; daily values multiplied by 1,000."
SAIA_FY2026_Q1_2026-03-31,Saia,2026-03-31,revenue_per_shipment,357.93,LTL revenue per shipment / Composite revenue per shipment,2026-04-24,Financial highlights and operating statistics tables,https://www.sec.gov/Archives/edgar/data/1177702/000119312526194062/saia-ex99_1.htm,outputs\phase1b_ltl_peer_panel\sources\SAIA_2026_Q1_SEC_ex99_1.htm,Reported,High,"Saia tonnage and shipment rows are reported in thousands; daily values multiplied by 1,000."
SAIA_FY2026_Q1_2026-03-31,Saia,2026-03-31,revenue_per_shipment_yoy_pct,0.7,Revenue per shipment year-over-year change,2026-04-24,Financial highlights and operating statistics tables,https://www.sec.gov/Archives/edgar/data/1177702/000119312526194062/saia-ex99_1.htm,outputs\phase1b_ltl_peer_panel\sources\SAIA_2026_Q1_SEC_ex99_1.htm,Reported,High,"Saia tonnage and shipment rows are reported in thousands; daily values multiplied by 1,000."
SAIA_FY2026_Q1_2026-03-31,Saia,2026-03-31,revenue_per_shipment_ex_fuel,297.11,LTL revenue per shipment excluding fuel surcharge,2026-04-24,Financial highlights and operating statistics tables,https://www.sec.gov/Archives/edgar/data/1177702/000119312526194062/saia-ex99_1.htm,outputs\phase1b_ltl_peer_panel\sources\SAIA_2026_Q1_SEC_ex99_1.htm,Reported,High,"Saia tonnage and shipment rows are reported in thousands; daily values multiplied by 1,000."
SAIA_FY2026_Q1_2026-03-31,Saia,2026-03-31,revenue_per_shipment_ex_fuel_yoy_pct,-1.2,Revenue per shipment excluding fuel surcharge year-over-year change,2026-04-24,Financial highlights and operating statistics tables,https://www.sec.gov/Archives/edgar/data/1177702/000119312526194062/saia-ex99_1.htm,outputs\phase1b_ltl_peer_panel\sources\SAIA_2026_Q1_SEC_ex99_1.htm,Reported,High,"Saia tonnage and shipment rows are reported in thousands; daily values multiplied by 1,000."
SAIA_FY2026_Q1_2026-03-31,Saia,2026-03-31,revenue_per_cwt,25.93,LTL revenue per hundredweight / Composite revenue per hundredweight,2026-04-24,Financial highlights and operating statistics tables,https://www.sec.gov/Archives/edgar/data/1177702/000119312526194062/saia-ex99_1.htm,outputs\phase1b_ltl_peer_panel\sources\SAIA_2026_Q1_SEC_ex99_1.htm,Reported,High,"Saia tonnage and shipment rows are reported in thousands; daily values multiplied by 1,000."
SAIA_FY2026_Q1_2026-03-31,Saia,2026-03-31,revenue_per_cwt_yoy_pct,3.8,Revenue per hundredweight year-over-year change,2026-04-24,Financial highlights and operating statistics tables,https://www.sec.gov/Archives/edgar/data/1177702/000119312526194062/saia-ex99_1.htm,outputs\phase1b_ltl_peer_panel\sources\SAIA_2026_Q1_SEC_ex99_1.htm,Reported,High,"Saia tonnage and shipment rows are reported in thousands; daily values multiplied by 1,000."
SAIA_FY2026_Q1_2026-03-31,Saia,2026-03-31,revenue_per_cwt_ex_fuel,21.52,LTL revenue per hundredweight excluding fuel surcharge,2026-04-24,Financial highlights and operating statistics tables,https://www.sec.gov/Archives/edgar/data/1177702/000119312526194062/saia-ex99_1.htm,outputs\phase1b_ltl_peer_panel\sources\SAIA_2026_Q1_SEC_ex99_1.htm,Reported,High,"Saia tonnage and shipment rows are reported in thousands; daily values multiplied by 1,000."
SAIA_FY2026_Q1_2026-03-31,Saia,2026-03-31,revenue_per_cwt_ex_fuel_yoy_pct,1.9,Revenue per hundredweight excluding fuel surcharge year-over-year change,2026-04-24,Financial highlights and operating statistics tables,https://www.sec.gov/Archives/edgar/data/1177702/000119312526194062/saia-ex99_1.htm,outputs\phase1b_ltl_peer_panel\sources\SAIA_2026_Q1_SEC_ex99_1.htm,Reported,High,"Saia tonnage and shipment rows are reported in thousands; daily values multiplied by 1,000."
SAIA_FY2026_Q1_2026-03-31,Saia,2026-03-31,yield_ex_fuel_reported,1.9,Yield excluding fuel surcharge growth where source uses yield language,2026-04-24,Financial highlights and operating statistics tables,https://www.sec.gov/Archives/edgar/data/1177702/000119312526194062/saia-ex99_1.htm,outputs\phase1b_ltl_peer_panel\sources\SAIA_2026_Q1_SEC_ex99_1.htm,Reported,High,"Saia tonnage and shipment rows are reported in thousands; daily values multiplied by 1,000."
XPO_FY2024_Q1_2024-03-31,XPO North American LTL,2024-03-31,revenue_m,1221,Revenue / Operating Revenue / Segment revenue,2024-05-03,North American LTL operating statistics and segment results,https://investors.xpo.com/news-releases/news-release-details/xpo-reports-first-quarter-2024-results,,Reported,Medium,XPO source reports pounds/day in thousands; normalized tonnage/day converts pounds to tons. XPO 2024-2025 source pages retained as URL-only after local downloads timed out.
XPO_FY2024_Q1_2024-03-31,XPO North American LTL,2024-03-31,operating_income_m,165,Operating income / Operating Income,2024-05-03,North American LTL operating statistics and segment results,https://investors.xpo.com/news-releases/news-release-details/xpo-reports-first-quarter-2024-results,,Reported,Medium,XPO source reports pounds/day in thousands; normalized tonnage/day converts pounds to tons. XPO 2024-2025 source pages retained as URL-only after local downloads timed out.
XPO_FY2024_Q1_2024-03-31,XPO North American LTL,2024-03-31,adjusted_operating_income_m,175,Adjusted operating income / Non-GAAP measure,2024-05-03,North American LTL operating statistics and segment results,https://investors.xpo.com/news-releases/news-release-details/xpo-reports-first-quarter-2024-results,,Reported,Medium,XPO source reports pounds/day in thousands; normalized tonnage/day converts pounds to tons. XPO 2024-2025 source pages retained as URL-only after local downloads timed out.
XPO_FY2024_Q1_2024-03-31,XPO North American LTL,2024-03-31,operating_margin_pct,13.5,Operating margin / derived from operating ratio where applicable,2024-05-03,North American LTL operating statistics and segment results,https://investors.xpo.com/news-releases/news-release-details/xpo-reports-first-quarter-2024-results,,Reported or algebraic complement when only reciprocal ratio is reported,Medium,XPO source reports pounds/day in thousands; normalized tonnage/day converts pounds to tons. XPO 2024-2025 source pages retained as URL-only after local downloads timed out.
XPO_FY2024_Q1_2024-03-31,XPO North American LTL,2024-03-31,adjusted_operating_margin_pct,14.3,Adjusted operating margin / Non-GAAP measure,2024-05-03,North American LTL operating statistics and segment results,https://investors.xpo.com/news-releases/news-release-details/xpo-reports-first-quarter-2024-results,,Reported,Medium,XPO source reports pounds/day in thousands; normalized tonnage/day converts pounds to tons. XPO 2024-2025 source pages retained as URL-only after local downloads timed out.
XPO_FY2024_Q1_2024-03-31,XPO North American LTL,2024-03-31,operating_ratio_pct,86.5,Operating ratio / derived from operating margin where applicable,2024-05-03,North American LTL operating statistics and segment results,https://investors.xpo.com/news-releases/news-release-details/xpo-reports-first-quarter-2024-results,,Reported or algebraic complement when only reciprocal ratio is reported,Medium,XPO source reports pounds/day in thousands; normalized tonnage/day converts pounds to tons. XPO 2024-2025 source pages retained as URL-only after local downloads timed out.
XPO_FY2024_Q1_2024-03-31,XPO North American LTL,2024-03-31,adjusted_operating_ratio_pct,85.7,Adjusted operating ratio,2024-05-03,North American LTL operating statistics and segment results,https://investors.xpo.com/news-releases/news-release-details/xpo-reports-first-quarter-2024-results,,Reported,Medium,XPO source reports pounds/day in thousands; normalized tonnage/day converts pounds to tons. XPO 2024-2025 source pages retained as URL-only after local downloads timed out.
XPO_FY2024_Q1_2024-03-31,XPO North American LTL,2024-03-31,avg_daily_shipments,51392,LTL shipments per day / Total average daily shipments / Shipments per day,2024-05-03,North American LTL operating statistics and segment results,https://investors.xpo.com/news-releases/news-release-details/xpo-reports-first-quarter-2024-results,,Reported,Medium,XPO source reports pounds/day in thousands; normalized tonnage/day converts pounds to tons. XPO 2024-2025 source pages retained as URL-only after local downloads timed out.
XPO_FY2024_Q1_2024-03-31,XPO North American LTL,2024-03-31,shipments_yoy_pct,4.7,LTL shipments per day change / Total average daily shipments change,2024-05-03,North American LTL operating statistics and segment results,https://investors.xpo.com/news-releases/news-release-details/xpo-reports-first-quarter-2024-results,,Reported,Medium,XPO source reports pounds/day in thousands; normalized tonnage/day converts pounds to tons. XPO 2024-2025 source pages retained as URL-only after local downloads timed out.
XPO_FY2024_Q1_2024-03-31,XPO North American LTL,2024-03-31,tonnage_per_day,35354.5,LTL tonnage per day / pounds per day converted to tons,2024-05-03,North American LTL operating statistics and segment results,https://investors.xpo.com/news-releases/news-release-details/xpo-reports-first-quarter-2024-results,,Derived: reported pounds/day in thousands * 1000 / 2000,Medium,XPO source reports pounds/day in thousands; normalized tonnage/day converts pounds to tons. XPO 2024-2025 source pages retained as URL-only after local downloads timed out.
XPO_FY2024_Q1_2024-03-31,XPO North American LTL,2024-03-31,tonnage_yoy_pct,2.6,LTL tonnage per day change / pounds per day change,2024-05-03,North American LTL operating statistics and segment results,https://investors.xpo.com/news-releases/news-release-details/xpo-reports-first-quarter-2024-results,,Reported,Medium,XPO source reports pounds/day in thousands; normalized tonnage/day converts pounds to tons. XPO 2024-2025 source pages retained as URL-only after local downloads timed out.
XPO_FY2024_Q1_2024-03-31,XPO North American LTL,2024-03-31,weight_per_shipment_lbs,1376,LTL weight per shipment (lbs.) / Composite weight per shipment,2024-05-03,North American LTL operating statistics and segment results,https://investors.xpo.com/news-releases/news-release-details/xpo-reports-first-quarter-2024-results,,Reported,Medium,XPO source reports pounds/day in thousands; normalized tonnage/day converts pounds to tons. XPO 2024-2025 source pages retained as URL-only after local downloads timed out.
XPO_FY2024_Q1_2024-03-31,XPO North American LTL,2024-03-31,revenue_per_shipment,373.88,LTL revenue per shipment / Composite revenue per shipment,2024-05-03,North American LTL operating statistics and segment results,https://investors.xpo.com/news-releases/news-release-details/xpo-reports-first-quarter-2024-results,,Reported,Medium,XPO source reports pounds/day in thousands; normalized tonnage/day converts pounds to tons. XPO 2024-2025 source pages retained as URL-only after local downloads timed out.
XPO_FY2024_Q1_2024-03-31,XPO North American LTL,2024-03-31,revenue_per_shipment_ex_fuel,309.57,LTL revenue per shipment excluding fuel surcharge,2024-05-03,North American LTL operating statistics and segment results,https://investors.xpo.com/news-releases/news-release-details/xpo-reports-first-quarter-2024-results,,Reported,Medium,XPO source reports pounds/day in thousands; normalized tonnage/day converts pounds to tons. XPO 2024-2025 source pages retained as URL-only after local downloads timed out.
XPO_FY2024_Q1_2024-03-31,XPO North American LTL,2024-03-31,revenue_per_cwt,27.8,LTL revenue per hundredweight / Composite revenue per hundredweight,2024-05-03,North American LTL operating statistics and segment results,https://investors.xpo.com/news-releases/news-release-details/xpo-reports-first-quarter-2024-results,,Reported,Medium,XPO source reports pounds/day in thousands; normalized tonnage/day converts pounds to tons. XPO 2024-2025 source pages retained as URL-only after local downloads timed out.
XPO_FY2024_Q1_2024-03-31,XPO North American LTL,2024-03-31,revenue_per_cwt_ex_fuel,23.13,LTL revenue per hundredweight excluding fuel surcharge,2024-05-03,North American LTL operating statistics and segment results,https://investors.xpo.com/news-releases/news-release-details/xpo-reports-first-quarter-2024-results,,Reported,Medium,XPO source reports pounds/day in thousands; normalized tonnage/day converts pounds to tons. XPO 2024-2025 source pages retained as URL-only after local downloads timed out.
XPO_FY2024_Q1_2024-03-31,XPO North American LTL,2024-03-31,revenue_per_cwt_ex_fuel_yoy_pct,9.8,Revenue per hundredweight excluding fuel surcharge year-over-year change,2024-05-03,North American LTL operating statistics and segment results,https://investors.xpo.com/news-releases/news-release-details/xpo-reports-first-quarter-2024-results,,Reported,Medium,XPO source reports pounds/day in thousands; normalized tonnage/day converts pounds to tons. XPO 2024-2025 source pages retained as URL-only after local downloads timed out.
XPO_FY2024_Q1_2024-03-31,XPO North American LTL,2024-03-31,yield_ex_fuel_reported,9.8,Yield excluding fuel surcharge growth where source uses yield language,2024-05-03,North American LTL operating statistics and segment results,https://investors.xpo.com/news-releases/news-release-details/xpo-reports-first-quarter-2024-results,,Reported,Medium,XPO source reports pounds/day in thousands; normalized tonnage/day converts pounds to tons. XPO 2024-2025 source pages retained as URL-only after local downloads timed out.
XPO_FY2024_Q2_2024-06-30,XPO North American LTL,2024-06-30,revenue_m,1272,Revenue / Operating Revenue / Segment revenue,2024-08-01,North American LTL operating statistics and segment results,https://investors.xpo.com/news-releases/news-release-details/xpo-reports-second-quarter-2024-results/,,Reported,Medium,XPO source reports pounds/day in thousands; normalized tonnage/day converts pounds to tons. XPO 2024-2025 source pages retained as URL-only after local downloads timed out.
XPO_FY2024_Q2_2024-06-30,XPO North American LTL,2024-06-30,operating_income_m,203,Operating income / Operating Income,2024-08-01,North American LTL operating statistics and segment results,https://investors.xpo.com/news-releases/news-release-details/xpo-reports-second-quarter-2024-results/,,Reported,Medium,XPO source reports pounds/day in thousands; normalized tonnage/day converts pounds to tons. XPO 2024-2025 source pages retained as URL-only after local downloads timed out.
XPO_FY2024_Q2_2024-06-30,XPO North American LTL,2024-06-30,adjusted_operating_income_m,214,Adjusted operating income / Non-GAAP measure,2024-08-01,North American LTL operating statistics and segment results,https://investors.xpo.com/news-releases/news-release-details/xpo-reports-second-quarter-2024-results/,,Reported,Medium,XPO source reports pounds/day in thousands; normalized tonnage/day converts pounds to tons. XPO 2024-2025 source pages retained as URL-only after local downloads timed out.
XPO_FY2024_Q2_2024-06-30,XPO North American LTL,2024-06-30,operating_margin_pct,16.0,Operating margin / derived from operating ratio where applicable,2024-08-01,North American LTL operating statistics and segment results,https://investors.xpo.com/news-releases/news-release-details/xpo-reports-second-quarter-2024-results/,,Reported or algebraic complement when only reciprocal ratio is reported,Medium,XPO source reports pounds/day in thousands; normalized tonnage/day converts pounds to tons. XPO 2024-2025 source pages retained as URL-only after local downloads timed out.
XPO_FY2024_Q2_2024-06-30,XPO North American LTL,2024-06-30,adjusted_operating_margin_pct,16.8,Adjusted operating margin / Non-GAAP measure,2024-08-01,North American LTL operating statistics and segment results,https://investors.xpo.com/news-releases/news-release-details/xpo-reports-second-quarter-2024-results/,,Reported,Medium,XPO source reports pounds/day in thousands; normalized tonnage/day converts pounds to tons. XPO 2024-2025 source pages retained as URL-only after local downloads timed out.
XPO_FY2024_Q2_2024-06-30,XPO North American LTL,2024-06-30,operating_ratio_pct,84.0,Operating ratio / derived from operating margin where applicable,2024-08-01,North American LTL operating statistics and segment results,https://investors.xpo.com/news-releases/news-release-details/xpo-reports-second-quarter-2024-results/,,Reported or algebraic complement when only reciprocal ratio is reported,Medium,XPO source reports pounds/day in thousands; normalized tonnage/day converts pounds to tons. XPO 2024-2025 source pages retained as URL-only after local downloads timed out.
XPO_FY2024_Q2_2024-06-30,XPO North American LTL,2024-06-30,adjusted_operating_ratio_pct,83.2,Adjusted operating ratio,2024-08-01,North American LTL operating statistics and segment results,https://investors.xpo.com/news-releases/news-release-details/xpo-reports-second-quarter-2024-results/,,Reported,Medium,XPO source reports pounds/day in thousands; normalized tonnage/day converts pounds to tons. XPO 2024-2025 source pages retained as URL-only after local downloads timed out.
XPO_FY2024_Q2_2024-06-30,XPO North American LTL,2024-06-30,avg_daily_shipments,53519,LTL shipments per day / Total average daily shipments / Shipments per day,2024-08-01,North American LTL operating statistics and segment results,https://investors.xpo.com/news-releases/news-release-details/xpo-reports-second-quarter-2024-results/,,Reported,Medium,XPO source reports pounds/day in thousands; normalized tonnage/day converts pounds to tons. XPO 2024-2025 source pages retained as URL-only after local downloads timed out.
XPO_FY2024_Q2_2024-06-30,XPO North American LTL,2024-06-30,shipments_yoy_pct,4.5,LTL shipments per day change / Total average daily shipments change,2024-08-01,North American LTL operating statistics and segment results,https://investors.xpo.com/news-releases/news-release-details/xpo-reports-second-quarter-2024-results/,,Reported,Medium,XPO source reports pounds/day in thousands; normalized tonnage/day converts pounds to tons. XPO 2024-2025 source pages retained as URL-only after local downloads timed out.
XPO_FY2024_Q2_2024-06-30,XPO North American LTL,2024-06-30,tonnage_per_day,36329.0,LTL tonnage per day / pounds per day converted to tons,2024-08-01,North American LTL operating statistics and segment results,https://investors.xpo.com/news-releases/news-release-details/xpo-reports-second-quarter-2024-results/,,Derived: reported pounds/day in thousands * 1000 / 2000,Medium,XPO source reports pounds/day in thousands; normalized tonnage/day converts pounds to tons. XPO 2024-2025 source pages retained as URL-only after local downloads timed out.
XPO_FY2024_Q2_2024-06-30,XPO North American LTL,2024-06-30,tonnage_yoy_pct,3.4,LTL tonnage per day change / pounds per day change,2024-08-01,North American LTL operating statistics and segment results,https://investors.xpo.com/news-releases/news-release-details/xpo-reports-second-quarter-2024-results/,,Reported,Medium,XPO source reports pounds/day in thousands; normalized tonnage/day converts pounds to tons. XPO 2024-2025 source pages retained as URL-only after local downloads timed out.
XPO_FY2024_Q2_2024-06-30,XPO North American LTL,2024-06-30,weight_per_shipment_lbs,1358,LTL weight per shipment (lbs.) / Composite weight per shipment,2024-08-01,North American LTL operating statistics and segment results,https://investors.xpo.com/news-releases/news-release-details/xpo-reports-second-quarter-2024-results/,,Reported,Medium,XPO source reports pounds/day in thousands; normalized tonnage/day converts pounds to tons. XPO 2024-2025 source pages retained as URL-only after local downloads timed out.
XPO_FY2024_Q2_2024-06-30,XPO North American LTL,2024-06-30,revenue_per_shipment,370.98,LTL revenue per shipment / Composite revenue per shipment,2024-08-01,North American LTL operating statistics and segment results,https://investors.xpo.com/news-releases/news-release-details/xpo-reports-second-quarter-2024-results/,,Reported,Medium,XPO source reports pounds/day in thousands; normalized tonnage/day converts pounds to tons. XPO 2024-2025 source pages retained as URL-only after local downloads timed out.
XPO_FY2024_Q2_2024-06-30,XPO North American LTL,2024-06-30,revenue_per_shipment_ex_fuel,310.24,LTL revenue per shipment excluding fuel surcharge,2024-08-01,North American LTL operating statistics and segment results,https://investors.xpo.com/news-releases/news-release-details/xpo-reports-second-quarter-2024-results/,,Reported,Medium,XPO source reports pounds/day in thousands; normalized tonnage/day converts pounds to tons. XPO 2024-2025 source pages retained as URL-only after local downloads timed out.
XPO_FY2024_Q2_2024-06-30,XPO North American LTL,2024-06-30,revenue_per_cwt,28.04,LTL revenue per hundredweight / Composite revenue per hundredweight,2024-08-01,North American LTL operating statistics and segment results,https://investors.xpo.com/news-releases/news-release-details/xpo-reports-second-quarter-2024-results/,,Reported,Medium,XPO source reports pounds/day in thousands; normalized tonnage/day converts pounds to tons. XPO 2024-2025 source pages retained as URL-only after local downloads timed out.
XPO_FY2024_Q2_2024-06-30,XPO North American LTL,2024-06-30,revenue_per_cwt_ex_fuel,23.56,LTL revenue per hundredweight excluding fuel surcharge,2024-08-01,North American LTL operating statistics and segment results,https://investors.xpo.com/news-releases/news-release-details/xpo-reports-second-quarter-2024-results/,,Reported,Medium,XPO source reports pounds/day in thousands; normalized tonnage/day converts pounds to tons. XPO 2024-2025 source pages retained as URL-only after local downloads timed out.
XPO_FY2024_Q2_2024-06-30,XPO North American LTL,2024-06-30,revenue_per_cwt_ex_fuel_yoy_pct,9.0,Revenue per hundredweight excluding fuel surcharge year-over-year change,2024-08-01,North American LTL operating statistics and segment results,https://investors.xpo.com/news-releases/news-release-details/xpo-reports-second-quarter-2024-results/,,Reported,Medium,XPO source reports pounds/day in thousands; normalized tonnage/day converts pounds to tons. XPO 2024-2025 source pages retained as URL-only after local downloads timed out.
XPO_FY2024_Q2_2024-06-30,XPO North American LTL,2024-06-30,yield_ex_fuel_reported,9.0,Yield excluding fuel surcharge growth where source uses yield language,2024-08-01,North American LTL operating statistics and segment results,https://investors.xpo.com/news-releases/news-release-details/xpo-reports-second-quarter-2024-results/,,Reported,Medium,XPO source reports pounds/day in thousands; normalized tonnage/day converts pounds to tons. XPO 2024-2025 source pages retained as URL-only after local downloads timed out.
XPO_FY2024_Q3_2024-09-30,XPO North American LTL,2024-09-30,revenue_m,1251,Revenue / Operating Revenue / Segment revenue,2024-10-30,North American LTL operating statistics and segment results,https://investors.xpo.com/news-releases/news-release-details/xpo-reports-third-quarter-2024-results,,Reported,Medium,XPO source reports pounds/day in thousands; normalized tonnage/day converts pounds to tons. XPO 2024-2025 source pages retained as URL-only after local downloads timed out.
XPO_FY2024_Q3_2024-09-30,XPO North American LTL,2024-09-30,operating_income_m,188,Operating income / Operating Income,2024-10-30,North American LTL operating statistics and segment results,https://investors.xpo.com/news-releases/news-release-details/xpo-reports-third-quarter-2024-results,,Reported,Medium,XPO source reports pounds/day in thousands; normalized tonnage/day converts pounds to tons. XPO 2024-2025 source pages retained as URL-only after local downloads timed out.
XPO_FY2024_Q3_2024-09-30,XPO North American LTL,2024-09-30,adjusted_operating_income_m,198,Adjusted operating income / Non-GAAP measure,2024-10-30,North American LTL operating statistics and segment results,https://investors.xpo.com/news-releases/news-release-details/xpo-reports-third-quarter-2024-results,,Reported,Medium,XPO source reports pounds/day in thousands; normalized tonnage/day converts pounds to tons. XPO 2024-2025 source pages retained as URL-only after local downloads timed out.
XPO_FY2024_Q3_2024-09-30,XPO North American LTL,2024-09-30,operating_margin_pct,15.0,Operating margin / derived from operating ratio where applicable,2024-10-30,North American LTL operating statistics and segment results,https://investors.xpo.com/news-releases/news-release-details/xpo-reports-third-quarter-2024-results,,Reported or algebraic complement when only reciprocal ratio is reported,Medium,XPO source reports pounds/day in thousands; normalized tonnage/day converts pounds to tons. XPO 2024-2025 source pages retained as URL-only after local downloads timed out.
XPO_FY2024_Q3_2024-09-30,XPO North American LTL,2024-09-30,adjusted_operating_margin_pct,15.8,Adjusted operating margin / Non-GAAP measure,2024-10-30,North American LTL operating statistics and segment results,https://investors.xpo.com/news-releases/news-release-details/xpo-reports-third-quarter-2024-results,,Reported,Medium,XPO source reports pounds/day in thousands; normalized tonnage/day converts pounds to tons. XPO 2024-2025 source pages retained as URL-only after local downloads timed out.
XPO_FY2024_Q3_2024-09-30,XPO North American LTL,2024-09-30,operating_ratio_pct,85.0,Operating ratio / derived from operating margin where applicable,2024-10-30,North American LTL operating statistics and segment results,https://investors.xpo.com/news-releases/news-release-details/xpo-reports-third-quarter-2024-results,,Reported or algebraic complement when only reciprocal ratio is reported,Medium,XPO source reports pounds/day in thousands; normalized tonnage/day converts pounds to tons. XPO 2024-2025 source pages retained as URL-only after local downloads timed out.
XPO_FY2024_Q3_2024-09-30,XPO North American LTL,2024-09-30,adjusted_operating_ratio_pct,84.2,Adjusted operating ratio,2024-10-30,North American LTL operating statistics and segment results,https://investors.xpo.com/news-releases/news-release-details/xpo-reports-third-quarter-2024-results,,Reported,Medium,XPO source reports pounds/day in thousands; normalized tonnage/day converts pounds to tons. XPO 2024-2025 source pages retained as URL-only after local downloads timed out.
XPO_FY2024_Q3_2024-09-30,XPO North American LTL,2024-09-30,avg_daily_shipments,51921,LTL shipments per day / Total average daily shipments / Shipments per day,2024-10-30,North American LTL operating statistics and segment results,https://investors.xpo.com/news-releases/news-release-details/xpo-reports-third-quarter-2024-results,,Reported,Medium,XPO source reports pounds/day in thousands; normalized tonnage/day converts pounds to tons. XPO 2024-2025 source pages retained as URL-only after local downloads timed out.
XPO_FY2024_Q3_2024-09-30,XPO North American LTL,2024-09-30,shipments_yoy_pct,-3.2,LTL shipments per day change / Total average daily shipments change,2024-10-30,North American LTL operating statistics and segment results,https://investors.xpo.com/news-releases/news-release-details/xpo-reports-third-quarter-2024-results,,Reported,Medium,XPO source reports pounds/day in thousands; normalized tonnage/day converts pounds to tons. XPO 2024-2025 source pages retained as URL-only after local downloads timed out.
XPO_FY2024_Q3_2024-09-30,XPO North American LTL,2024-09-30,tonnage_per_day,34735.0,LTL tonnage per day / pounds per day converted to tons,2024-10-30,North American LTL operating statistics and segment results,https://investors.xpo.com/news-releases/news-release-details/xpo-reports-third-quarter-2024-results,,Derived: reported pounds/day in thousands * 1000 / 2000,Medium,XPO source reports pounds/day in thousands; normalized tonnage/day converts pounds to tons. XPO 2024-2025 source pages retained as URL-only after local downloads timed out.
XPO_FY2024_Q3_2024-09-30,XPO North American LTL,2024-09-30,tonnage_yoy_pct,-3.9,LTL tonnage per day change / pounds per day change,2024-10-30,North American LTL operating statistics and segment results,https://investors.xpo.com/news-releases/news-release-details/xpo-reports-third-quarter-2024-results,,Reported,Medium,XPO source reports pounds/day in thousands; normalized tonnage/day converts pounds to tons. XPO 2024-2025 source pages retained as URL-only after local downloads timed out.
XPO_FY2024_Q3_2024-09-30,XPO North American LTL,2024-09-30,weight_per_shipment_lbs,1338,LTL weight per shipment (lbs.) / Composite weight per shipment,2024-10-30,North American LTL operating statistics and segment results,https://investors.xpo.com/news-releases/news-release-details/xpo-reports-third-quarter-2024-results,,Reported,Medium,XPO source reports pounds/day in thousands; normalized tonnage/day converts pounds to tons. XPO 2024-2025 source pages retained as URL-only after local downloads timed out.
XPO_FY2024_Q3_2024-09-30,XPO North American LTL,2024-09-30,revenue_per_shipment,379.0,LTL revenue per shipment / Composite revenue per shipment,2024-10-30,North American LTL operating statistics and segment results,https://investors.xpo.com/news-releases/news-release-details/xpo-reports-third-quarter-2024-results,,Reported,Medium,XPO source reports pounds/day in thousands; normalized tonnage/day converts pounds to tons. XPO 2024-2025 source pages retained as URL-only after local downloads timed out.
XPO_FY2024_Q3_2024-09-30,XPO North American LTL,2024-09-30,revenue_per_shipment_ex_fuel,319.75,LTL revenue per shipment excluding fuel surcharge,2024-10-30,North American LTL operating statistics and segment results,https://investors.xpo.com/news-releases/news-release-details/xpo-reports-third-quarter-2024-results,,Reported,Medium,XPO source reports pounds/day in thousands; normalized tonnage/day converts pounds to tons. XPO 2024-2025 source pages retained as URL-only after local downloads timed out.
XPO_FY2024_Q3_2024-09-30,XPO North American LTL,2024-09-30,revenue_per_cwt,28.77,LTL revenue per hundredweight / Composite revenue per hundredweight,2024-10-30,North American LTL operating statistics and segment results,https://investors.xpo.com/news-releases/news-release-details/xpo-reports-third-quarter-2024-results,,Reported,Medium,XPO source reports pounds/day in thousands; normalized tonnage/day converts pounds to tons. XPO 2024-2025 source pages retained as URL-only after local downloads timed out.
XPO_FY2024_Q3_2024-09-30,XPO North American LTL,2024-09-30,revenue_per_cwt_ex_fuel,24.34,LTL revenue per hundredweight excluding fuel surcharge,2024-10-30,North American LTL operating statistics and segment results,https://investors.xpo.com/news-releases/news-release-details/xpo-reports-third-quarter-2024-results,,Reported,Medium,XPO source reports pounds/day in thousands; normalized tonnage/day converts pounds to tons. XPO 2024-2025 source pages retained as URL-only after local downloads timed out.
XPO_FY2024_Q3_2024-09-30,XPO North American LTL,2024-09-30,revenue_per_cwt_ex_fuel_yoy_pct,6.7,Revenue per hundredweight excluding fuel surcharge year-over-year change,2024-10-30,North American LTL operating statistics and segment results,https://investors.xpo.com/news-releases/news-release-details/xpo-reports-third-quarter-2024-results,,Reported,Medium,XPO source reports pounds/day in thousands; normalized tonnage/day converts pounds to tons. XPO 2024-2025 source pages retained as URL-only after local downloads timed out.
XPO_FY2024_Q3_2024-09-30,XPO North American LTL,2024-09-30,yield_ex_fuel_reported,6.7,Yield excluding fuel surcharge growth where source uses yield language,2024-10-30,North American LTL operating statistics and segment results,https://investors.xpo.com/news-releases/news-release-details/xpo-reports-third-quarter-2024-results,,Reported,Medium,XPO source reports pounds/day in thousands; normalized tonnage/day converts pounds to tons. XPO 2024-2025 source pages retained as URL-only after local downloads timed out.
XPO_FY2024_Q4_2024-12-31,XPO North American LTL,2024-12-31,revenue_m,1156,Revenue / Operating Revenue / Segment revenue,2025-02-06,North American LTL operating statistics and segment results,https://investors.xpo.com/news-releases/news-release-details/xpo-reports-fourth-quarter-and-full-year-2024-results,,Reported,Medium,XPO source reports pounds/day in thousands; normalized tonnage/day converts pounds to tons. XPO 2024-2025 source pages retained as URL-only after local downloads timed out.
XPO_FY2024_Q4_2024-12-31,XPO North American LTL,2024-12-31,operating_income_m,179,Operating income / Operating Income,2025-02-06,North American LTL operating statistics and segment results,https://investors.xpo.com/news-releases/news-release-details/xpo-reports-fourth-quarter-and-full-year-2024-results,,Reported,Medium,XPO source reports pounds/day in thousands; normalized tonnage/day converts pounds to tons. XPO 2024-2025 source pages retained as URL-only after local downloads timed out.
XPO_FY2024_Q4_2024-12-31,XPO North American LTL,2024-12-31,adjusted_operating_income_m,159,Adjusted operating income / Non-GAAP measure,2025-02-06,North American LTL operating statistics and segment results,https://investors.xpo.com/news-releases/news-release-details/xpo-reports-fourth-quarter-and-full-year-2024-results,,Reported,Medium,XPO source reports pounds/day in thousands; normalized tonnage/day converts pounds to tons. XPO 2024-2025 source pages retained as URL-only after local downloads timed out.
XPO_FY2024_Q4_2024-12-31,XPO North American LTL,2024-12-31,operating_margin_pct,15.5,Operating margin / derived from operating ratio where applicable,2025-02-06,North American LTL operating statistics and segment results,https://investors.xpo.com/news-releases/news-release-details/xpo-reports-fourth-quarter-and-full-year-2024-results,,Reported or algebraic complement when only reciprocal ratio is reported,Medium,XPO source reports pounds/day in thousands; normalized tonnage/day converts pounds to tons. XPO 2024-2025 source pages retained as URL-only after local downloads timed out.
XPO_FY2024_Q4_2024-12-31,XPO North American LTL,2024-12-31,adjusted_operating_margin_pct,13.8,Adjusted operating margin / Non-GAAP measure,2025-02-06,North American LTL operating statistics and segment results,https://investors.xpo.com/news-releases/news-release-details/xpo-reports-fourth-quarter-and-full-year-2024-results,,Reported,Medium,XPO source reports pounds/day in thousands; normalized tonnage/day converts pounds to tons. XPO 2024-2025 source pages retained as URL-only after local downloads timed out.
XPO_FY2024_Q4_2024-12-31,XPO North American LTL,2024-12-31,operating_ratio_pct,84.5,Operating ratio / derived from operating margin where applicable,2025-02-06,North American LTL operating statistics and segment results,https://investors.xpo.com/news-releases/news-release-details/xpo-reports-fourth-quarter-and-full-year-2024-results,,Reported or algebraic complement when only reciprocal ratio is reported,Medium,XPO source reports pounds/day in thousands; normalized tonnage/day converts pounds to tons. XPO 2024-2025 source pages retained as URL-only after local downloads timed out.
XPO_FY2024_Q4_2024-12-31,XPO North American LTL,2024-12-31,adjusted_operating_ratio_pct,86.2,Adjusted operating ratio,2025-02-06,North American LTL operating statistics and segment results,https://investors.xpo.com/news-releases/news-release-details/xpo-reports-fourth-quarter-and-full-year-2024-results,,Reported,Medium,XPO source reports pounds/day in thousands; normalized tonnage/day converts pounds to tons. XPO 2024-2025 source pages retained as URL-only after local downloads timed out.
XPO_FY2024_Q4_2024-12-31,XPO North American LTL,2024-12-31,avg_daily_shipments,49109,LTL shipments per day / Total average daily shipments / Shipments per day,2025-02-06,North American LTL operating statistics and segment results,https://investors.xpo.com/news-releases/news-release-details/xpo-reports-fourth-quarter-and-full-year-2024-results,,Reported,Medium,XPO source reports pounds/day in thousands; normalized tonnage/day converts pounds to tons. XPO 2024-2025 source pages retained as URL-only after local downloads timed out.
XPO_FY2024_Q4_2024-12-31,XPO North American LTL,2024-12-31,shipments_yoy_pct,-4.4,LTL shipments per day change / Total average daily shipments change,2025-02-06,North American LTL operating statistics and segment results,https://investors.xpo.com/news-releases/news-release-details/xpo-reports-fourth-quarter-and-full-year-2024-results,,Reported,Medium,XPO source reports pounds/day in thousands; normalized tonnage/day converts pounds to tons. XPO 2024-2025 source pages retained as URL-only after local downloads timed out.
XPO_FY2024_Q4_2024-12-31,XPO North American LTL,2024-12-31,tonnage_per_day,32716.5,LTL tonnage per day / pounds per day converted to tons,2025-02-06,North American LTL operating statistics and segment results,https://investors.xpo.com/news-releases/news-release-details/xpo-reports-fourth-quarter-and-full-year-2024-results,,Derived: reported pounds/day in thousands * 1000 / 2000,Medium,XPO source reports pounds/day in thousands; normalized tonnage/day converts pounds to tons. XPO 2024-2025 source pages retained as URL-only after local downloads timed out.
XPO_FY2024_Q4_2024-12-31,XPO North American LTL,2024-12-31,tonnage_yoy_pct,-5.7,LTL tonnage per day change / pounds per day change,2025-02-06,North American LTL operating statistics and segment results,https://investors.xpo.com/news-releases/news-release-details/xpo-reports-fourth-quarter-and-full-year-2024-results,,Reported,Medium,XPO source reports pounds/day in thousands; normalized tonnage/day converts pounds to tons. XPO 2024-2025 source pages retained as URL-only after local downloads timed out.
XPO_FY2024_Q4_2024-12-31,XPO North American LTL,2024-12-31,weight_per_shipment_lbs,1332,LTL weight per shipment (lbs.) / Composite weight per shipment,2025-02-06,North American LTL operating statistics and segment results,https://investors.xpo.com/news-releases/news-release-details/xpo-reports-fourth-quarter-and-full-year-2024-results,,Reported,Medium,XPO source reports pounds/day in thousands; normalized tonnage/day converts pounds to tons. XPO 2024-2025 source pages retained as URL-only after local downloads timed out.
XPO_FY2024_Q4_2024-12-31,XPO North American LTL,2024-12-31,revenue_per_shipment,382.32,LTL revenue per shipment / Composite revenue per shipment,2025-02-06,North American LTL operating statistics and segment results,https://investors.xpo.com/news-releases/news-release-details/xpo-reports-fourth-quarter-and-full-year-2024-results,,Reported,Medium,XPO source reports pounds/day in thousands; normalized tonnage/day converts pounds to tons. XPO 2024-2025 source pages retained as URL-only after local downloads timed out.
XPO_FY2024_Q4_2024-12-31,XPO North American LTL,2024-12-31,revenue_per_shipment_ex_fuel,325.62,LTL revenue per shipment excluding fuel surcharge,2025-02-06,North American LTL operating statistics and segment results,https://investors.xpo.com/news-releases/news-release-details/xpo-reports-fourth-quarter-and-full-year-2024-results,,Reported,Medium,XPO source reports pounds/day in thousands; normalized tonnage/day converts pounds to tons. XPO 2024-2025 source pages retained as URL-only after local downloads timed out.
XPO_FY2024_Q4_2024-12-31,XPO North American LTL,2024-12-31,revenue_per_cwt,29.09,LTL revenue per hundredweight / Composite revenue per hundredweight,2025-02-06,North American LTL operating statistics and segment results,https://investors.xpo.com/news-releases/news-release-details/xpo-reports-fourth-quarter-and-full-year-2024-results,,Reported,Medium,XPO source reports pounds/day in thousands; normalized tonnage/day converts pounds to tons. XPO 2024-2025 source pages retained as URL-only after local downloads timed out.
XPO_FY2024_Q4_2024-12-31,XPO North American LTL,2024-12-31,revenue_per_cwt_ex_fuel,24.84,LTL revenue per hundredweight excluding fuel surcharge,2025-02-06,North American LTL operating statistics and segment results,https://investors.xpo.com/news-releases/news-release-details/xpo-reports-fourth-quarter-and-full-year-2024-results,,Reported,Medium,XPO source reports pounds/day in thousands; normalized tonnage/day converts pounds to tons. XPO 2024-2025 source pages retained as URL-only after local downloads timed out.
XPO_FY2024_Q4_2024-12-31,XPO North American LTL,2024-12-31,revenue_per_cwt_ex_fuel_yoy_pct,6.3,Revenue per hundredweight excluding fuel surcharge year-over-year change,2025-02-06,North American LTL operating statistics and segment results,https://investors.xpo.com/news-releases/news-release-details/xpo-reports-fourth-quarter-and-full-year-2024-results,,Reported,Medium,XPO source reports pounds/day in thousands; normalized tonnage/day converts pounds to tons. XPO 2024-2025 source pages retained as URL-only after local downloads timed out.
XPO_FY2024_Q4_2024-12-31,XPO North American LTL,2024-12-31,yield_ex_fuel_reported,6.3,Yield excluding fuel surcharge growth where source uses yield language,2025-02-06,North American LTL operating statistics and segment results,https://investors.xpo.com/news-releases/news-release-details/xpo-reports-fourth-quarter-and-full-year-2024-results,,Reported,Medium,XPO source reports pounds/day in thousands; normalized tonnage/day converts pounds to tons. XPO 2024-2025 source pages retained as URL-only after local downloads timed out.
XPO_FY2025_Q1_2025-03-31,XPO North American LTL,2025-03-31,revenue_m,1172,Revenue / Operating Revenue / Segment revenue,2025-05-01,North American LTL operating statistics and segment results,https://investors.xpo.com/news-releases/news-release-details/xpo-reports-first-quarter-2025-results,,Reported,Medium,XPO source reports pounds/day in thousands; normalized tonnage/day converts pounds to tons. XPO 2024-2025 source pages retained as URL-only after local downloads timed out.
XPO_FY2025_Q1_2025-03-31,XPO North American LTL,2025-03-31,operating_income_m,158,Operating income / Operating Income,2025-05-01,North American LTL operating statistics and segment results,https://investors.xpo.com/news-releases/news-release-details/xpo-reports-first-quarter-2025-results,,Reported,Medium,XPO source reports pounds/day in thousands; normalized tonnage/day converts pounds to tons. XPO 2024-2025 source pages retained as URL-only after local downloads timed out.
XPO_FY2025_Q1_2025-03-31,XPO North American LTL,2025-03-31,adjusted_operating_income_m,165,Adjusted operating income / Non-GAAP measure,2025-05-01,North American LTL operating statistics and segment results,https://investors.xpo.com/news-releases/news-release-details/xpo-reports-first-quarter-2025-results,,Reported,Medium,XPO source reports pounds/day in thousands; normalized tonnage/day converts pounds to tons. XPO 2024-2025 source pages retained as URL-only after local downloads timed out.
XPO_FY2025_Q1_2025-03-31,XPO North American LTL,2025-03-31,operating_margin_pct,13.5,Operating margin / derived from operating ratio where applicable,2025-05-01,North American LTL operating statistics and segment results,https://investors.xpo.com/news-releases/news-release-details/xpo-reports-first-quarter-2025-results,,Reported or algebraic complement when only reciprocal ratio is reported,Medium,XPO source reports pounds/day in thousands; normalized tonnage/day converts pounds to tons. XPO 2024-2025 source pages retained as URL-only after local downloads timed out.
XPO_FY2025_Q1_2025-03-31,XPO North American LTL,2025-03-31,adjusted_operating_margin_pct,14.1,Adjusted operating margin / Non-GAAP measure,2025-05-01,North American LTL operating statistics and segment results,https://investors.xpo.com/news-releases/news-release-details/xpo-reports-first-quarter-2025-results,,Reported,Medium,XPO source reports pounds/day in thousands; normalized tonnage/day converts pounds to tons. XPO 2024-2025 source pages retained as URL-only after local downloads timed out.
XPO_FY2025_Q1_2025-03-31,XPO North American LTL,2025-03-31,operating_ratio_pct,86.5,Operating ratio / derived from operating margin where applicable,2025-05-01,North American LTL operating statistics and segment results,https://investors.xpo.com/news-releases/news-release-details/xpo-reports-first-quarter-2025-results,,Reported or algebraic complement when only reciprocal ratio is reported,Medium,XPO source reports pounds/day in thousands; normalized tonnage/day converts pounds to tons. XPO 2024-2025 source pages retained as URL-only after local downloads timed out.
XPO_FY2025_Q1_2025-03-31,XPO North American LTL,2025-03-31,adjusted_operating_ratio_pct,85.9,Adjusted operating ratio,2025-05-01,North American LTL operating statistics and segment results,https://investors.xpo.com/news-releases/news-release-details/xpo-reports-first-quarter-2025-results,,Reported,Medium,XPO source reports pounds/day in thousands; normalized tonnage/day converts pounds to tons. XPO 2024-2025 source pages retained as URL-only after local downloads timed out.
XPO_FY2025_Q1_2025-03-31,XPO North American LTL,2025-03-31,avg_daily_shipments,48400,LTL shipments per day / Total average daily shipments / Shipments per day,2025-05-01,North American LTL operating statistics and segment results,https://investors.xpo.com/news-releases/news-release-details/xpo-reports-first-quarter-2025-results,,Reported,Medium,XPO source reports pounds/day in thousands; normalized tonnage/day converts pounds to tons. XPO 2024-2025 source pages retained as URL-only after local downloads timed out.
XPO_FY2025_Q1_2025-03-31,XPO North American LTL,2025-03-31,shipments_yoy_pct,-5.8,LTL shipments per day change / Total average daily shipments change,2025-05-01,North American LTL operating statistics and segment results,https://investors.xpo.com/news-releases/news-release-details/xpo-reports-first-quarter-2025-results,,Reported,Medium,XPO source reports pounds/day in thousands; normalized tonnage/day converts pounds to tons. XPO 2024-2025 source pages retained as URL-only after local downloads timed out.
XPO_FY2025_Q1_2025-03-31,XPO North American LTL,2025-03-31,tonnage_per_day,32713.5,LTL tonnage per day / pounds per day converted to tons,2025-05-01,North American LTL operating statistics and segment results,https://investors.xpo.com/news-releases/news-release-details/xpo-reports-first-quarter-2025-results,,Derived: reported pounds/day in thousands * 1000 / 2000,Medium,XPO source reports pounds/day in thousands; normalized tonnage/day converts pounds to tons. XPO 2024-2025 source pages retained as URL-only after local downloads timed out.
XPO_FY2025_Q1_2025-03-31,XPO North American LTL,2025-03-31,tonnage_yoy_pct,-7.5,LTL tonnage per day change / pounds per day change,2025-05-01,North American LTL operating statistics and segment results,https://investors.xpo.com/news-releases/news-release-details/xpo-reports-first-quarter-2025-results,,Reported,Medium,XPO source reports pounds/day in thousands; normalized tonnage/day converts pounds to tons. XPO 2024-2025 source pages retained as URL-only after local downloads timed out.
XPO_FY2025_Q1_2025-03-31,XPO North American LTL,2025-03-31,weight_per_shipment_lbs,1352,LTL weight per shipment (lbs.) / Composite weight per shipment,2025-05-01,North American LTL operating statistics and segment results,https://investors.xpo.com/news-releases/news-release-details/xpo-reports-first-quarter-2025-results,,Reported,Medium,XPO source reports pounds/day in thousands; normalized tonnage/day converts pounds to tons. XPO 2024-2025 source pages retained as URL-only after local downloads timed out.
XPO_FY2025_Q1_2025-03-31,XPO North American LTL,2025-03-31,revenue_per_shipment,384.27,LTL revenue per shipment / Composite revenue per shipment,2025-05-01,North American LTL operating statistics and segment results,https://investors.xpo.com/news-releases/news-release-details/xpo-reports-first-quarter-2025-results,,Reported,Medium,XPO source reports pounds/day in thousands; normalized tonnage/day converts pounds to tons. XPO 2024-2025 source pages retained as URL-only after local downloads timed out.
XPO_FY2025_Q1_2025-03-31,XPO North American LTL,2025-03-31,revenue_per_shipment_ex_fuel,325.74,LTL revenue per shipment excluding fuel surcharge,2025-05-01,North American LTL operating statistics and segment results,https://investors.xpo.com/news-releases/news-release-details/xpo-reports-first-quarter-2025-results,,Reported,Medium,XPO source reports pounds/day in thousands; normalized tonnage/day converts pounds to tons. XPO 2024-2025 source pages retained as URL-only after local downloads timed out.
XPO_FY2025_Q1_2025-03-31,XPO North American LTL,2025-03-31,revenue_per_cwt,29.06,LTL revenue per hundredweight / Composite revenue per hundredweight,2025-05-01,North American LTL operating statistics and segment results,https://investors.xpo.com/news-releases/news-release-details/xpo-reports-first-quarter-2025-results,,Reported,Medium,XPO source reports pounds/day in thousands; normalized tonnage/day converts pounds to tons. XPO 2024-2025 source pages retained as URL-only after local downloads timed out.
XPO_FY2025_Q1_2025-03-31,XPO North American LTL,2025-03-31,revenue_per_cwt_ex_fuel,24.73,LTL revenue per hundredweight excluding fuel surcharge,2025-05-01,North American LTL operating statistics and segment results,https://investors.xpo.com/news-releases/news-release-details/xpo-reports-first-quarter-2025-results,,Reported,Medium,XPO source reports pounds/day in thousands; normalized tonnage/day converts pounds to tons. XPO 2024-2025 source pages retained as URL-only after local downloads timed out.
XPO_FY2025_Q1_2025-03-31,XPO North American LTL,2025-03-31,revenue_per_cwt_ex_fuel_yoy_pct,6.9,Revenue per hundredweight excluding fuel surcharge year-over-year change,2025-05-01,North American LTL operating statistics and segment results,https://investors.xpo.com/news-releases/news-release-details/xpo-reports-first-quarter-2025-results,,Reported,Medium,XPO source reports pounds/day in thousands; normalized tonnage/day converts pounds to tons. XPO 2024-2025 source pages retained as URL-only after local downloads timed out.
XPO_FY2025_Q1_2025-03-31,XPO North American LTL,2025-03-31,yield_ex_fuel_reported,6.9,Yield excluding fuel surcharge growth where source uses yield language,2025-05-01,North American LTL operating statistics and segment results,https://investors.xpo.com/news-releases/news-release-details/xpo-reports-first-quarter-2025-results,,Reported,Medium,XPO source reports pounds/day in thousands; normalized tonnage/day converts pounds to tons. XPO 2024-2025 source pages retained as URL-only after local downloads timed out.
XPO_FY2025_Q2_2025-06-30,XPO North American LTL,2025-06-30,revenue_m,1240,Revenue / Operating Revenue / Segment revenue,2025-07-31,North American LTL operating statistics and segment results,https://investors.xpo.com/news-releases/news-release-details/xpo-reports-second-quarter-2025-results/,,Reported,Medium,XPO source reports pounds/day in thousands; normalized tonnage/day converts pounds to tons. XPO 2024-2025 source pages retained as URL-only after local downloads timed out.
XPO_FY2025_Q2_2025-06-30,XPO North American LTL,2025-06-30,operating_income_m,199,Operating income / Operating Income,2025-07-31,North American LTL operating statistics and segment results,https://investors.xpo.com/news-releases/news-release-details/xpo-reports-second-quarter-2025-results/,,Reported,Medium,XPO source reports pounds/day in thousands; normalized tonnage/day converts pounds to tons. XPO 2024-2025 source pages retained as URL-only after local downloads timed out.
XPO_FY2025_Q2_2025-06-30,XPO North American LTL,2025-06-30,adjusted_operating_income_m,211,Adjusted operating income / Non-GAAP measure,2025-07-31,North American LTL operating statistics and segment results,https://investors.xpo.com/news-releases/news-release-details/xpo-reports-second-quarter-2025-results/,,Reported,Medium,XPO source reports pounds/day in thousands; normalized tonnage/day converts pounds to tons. XPO 2024-2025 source pages retained as URL-only after local downloads timed out.
XPO_FY2025_Q2_2025-06-30,XPO North American LTL,2025-06-30,operating_margin_pct,16.0,Operating margin / derived from operating ratio where applicable,2025-07-31,North American LTL operating statistics and segment results,https://investors.xpo.com/news-releases/news-release-details/xpo-reports-second-quarter-2025-results/,,Reported or algebraic complement when only reciprocal ratio is reported,Medium,XPO source reports pounds/day in thousands; normalized tonnage/day converts pounds to tons. XPO 2024-2025 source pages retained as URL-only after local downloads timed out.
XPO_FY2025_Q2_2025-06-30,XPO North American LTL,2025-06-30,adjusted_operating_margin_pct,17.1,Adjusted operating margin / Non-GAAP measure,2025-07-31,North American LTL operating statistics and segment results,https://investors.xpo.com/news-releases/news-release-details/xpo-reports-second-quarter-2025-results/,,Reported,Medium,XPO source reports pounds/day in thousands; normalized tonnage/day converts pounds to tons. XPO 2024-2025 source pages retained as URL-only after local downloads timed out.
XPO_FY2025_Q2_2025-06-30,XPO North American LTL,2025-06-30,operating_ratio_pct,84.0,Operating ratio / derived from operating margin where applicable,2025-07-31,North American LTL operating statistics and segment results,https://investors.xpo.com/news-releases/news-release-details/xpo-reports-second-quarter-2025-results/,,Reported or algebraic complement when only reciprocal ratio is reported,Medium,XPO source reports pounds/day in thousands; normalized tonnage/day converts pounds to tons. XPO 2024-2025 source pages retained as URL-only after local downloads timed out.
XPO_FY2025_Q2_2025-06-30,XPO North American LTL,2025-06-30,adjusted_operating_ratio_pct,82.9,Adjusted operating ratio,2025-07-31,North American LTL operating statistics and segment results,https://investors.xpo.com/news-releases/news-release-details/xpo-reports-second-quarter-2025-results/,,Reported,Medium,XPO source reports pounds/day in thousands; normalized tonnage/day converts pounds to tons. XPO 2024-2025 source pages retained as URL-only after local downloads timed out.
XPO_FY2025_Q2_2025-06-30,XPO North American LTL,2025-06-30,avg_daily_shipments,50782,LTL shipments per day / Total average daily shipments / Shipments per day,2025-07-31,North American LTL operating statistics and segment results,https://investors.xpo.com/news-releases/news-release-details/xpo-reports-second-quarter-2025-results/,,Reported,Medium,XPO source reports pounds/day in thousands; normalized tonnage/day converts pounds to tons. XPO 2024-2025 source pages retained as URL-only after local downloads timed out.
XPO_FY2025_Q2_2025-06-30,XPO North American LTL,2025-06-30,shipments_yoy_pct,-5.1,LTL shipments per day change / Total average daily shipments change,2025-07-31,North American LTL operating statistics and segment results,https://investors.xpo.com/news-releases/news-release-details/xpo-reports-second-quarter-2025-results/,,Reported,Medium,XPO source reports pounds/day in thousands; normalized tonnage/day converts pounds to tons. XPO 2024-2025 source pages retained as URL-only after local downloads timed out.
XPO_FY2025_Q2_2025-06-30,XPO North American LTL,2025-06-30,tonnage_per_day,33906.5,LTL tonnage per day / pounds per day converted to tons,2025-07-31,North American LTL operating statistics and segment results,https://investors.xpo.com/news-releases/news-release-details/xpo-reports-second-quarter-2025-results/,,Derived: reported pounds/day in thousands * 1000 / 2000,Medium,XPO source reports pounds/day in thousands; normalized tonnage/day converts pounds to tons. XPO 2024-2025 source pages retained as URL-only after local downloads timed out.
XPO_FY2025_Q2_2025-06-30,XPO North American LTL,2025-06-30,tonnage_yoy_pct,-6.7,LTL tonnage per day change / pounds per day change,2025-07-31,North American LTL operating statistics and segment results,https://investors.xpo.com/news-releases/news-release-details/xpo-reports-second-quarter-2025-results/,,Reported,Medium,XPO source reports pounds/day in thousands; normalized tonnage/day converts pounds to tons. XPO 2024-2025 source pages retained as URL-only after local downloads timed out.
XPO_FY2025_Q2_2025-06-30,XPO North American LTL,2025-06-30,weight_per_shipment_lbs,1335,LTL weight per shipment (lbs.) / Composite weight per shipment,2025-07-31,North American LTL operating statistics and segment results,https://investors.xpo.com/news-releases/news-release-details/xpo-reports-second-quarter-2025-results/,,Reported,Medium,XPO source reports pounds/day in thousands; normalized tonnage/day converts pounds to tons. XPO 2024-2025 source pages retained as URL-only after local downloads timed out.
XPO_FY2025_Q2_2025-06-30,XPO North American LTL,2025-06-30,revenue_per_shipment,384.13,LTL revenue per shipment / Composite revenue per shipment,2025-07-31,North American LTL operating statistics and segment results,https://investors.xpo.com/news-releases/news-release-details/xpo-reports-second-quarter-2025-results/,,Reported,Medium,XPO source reports pounds/day in thousands; normalized tonnage/day converts pounds to tons. XPO 2024-2025 source pages retained as URL-only after local downloads timed out.
XPO_FY2025_Q2_2025-06-30,XPO North American LTL,2025-06-30,revenue_per_shipment_ex_fuel,327.53,LTL revenue per shipment excluding fuel surcharge,2025-07-31,North American LTL operating statistics and segment results,https://investors.xpo.com/news-releases/news-release-details/xpo-reports-second-quarter-2025-results/,,Reported,Medium,XPO source reports pounds/day in thousands; normalized tonnage/day converts pounds to tons. XPO 2024-2025 source pages retained as URL-only after local downloads timed out.
XPO_FY2025_Q2_2025-06-30,XPO North American LTL,2025-06-30,revenue_per_cwt,29.23,LTL revenue per hundredweight / Composite revenue per hundredweight,2025-07-31,North American LTL operating statistics and segment results,https://investors.xpo.com/news-releases/news-release-details/xpo-reports-second-quarter-2025-results/,,Reported,Medium,XPO source reports pounds/day in thousands; normalized tonnage/day converts pounds to tons. XPO 2024-2025 source pages retained as URL-only after local downloads timed out.
XPO_FY2025_Q2_2025-06-30,XPO North American LTL,2025-06-30,revenue_per_cwt_ex_fuel,24.99,LTL revenue per hundredweight excluding fuel surcharge,2025-07-31,North American LTL operating statistics and segment results,https://investors.xpo.com/news-releases/news-release-details/xpo-reports-second-quarter-2025-results/,,Reported,Medium,XPO source reports pounds/day in thousands; normalized tonnage/day converts pounds to tons. XPO 2024-2025 source pages retained as URL-only after local downloads timed out.
XPO_FY2025_Q2_2025-06-30,XPO North American LTL,2025-06-30,revenue_per_cwt_ex_fuel_yoy_pct,6.1,Revenue per hundredweight excluding fuel surcharge year-over-year change,2025-07-31,North American LTL operating statistics and segment results,https://investors.xpo.com/news-releases/news-release-details/xpo-reports-second-quarter-2025-results/,,Reported,Medium,XPO source reports pounds/day in thousands; normalized tonnage/day converts pounds to tons. XPO 2024-2025 source pages retained as URL-only after local downloads timed out.
XPO_FY2025_Q2_2025-06-30,XPO North American LTL,2025-06-30,yield_ex_fuel_reported,6.1,Yield excluding fuel surcharge growth where source uses yield language,2025-07-31,North American LTL operating statistics and segment results,https://investors.xpo.com/news-releases/news-release-details/xpo-reports-second-quarter-2025-results/,,Reported,Medium,XPO source reports pounds/day in thousands; normalized tonnage/day converts pounds to tons. XPO 2024-2025 source pages retained as URL-only after local downloads timed out.
XPO_FY2025_Q3_2025-09-30,XPO North American LTL,2025-09-30,revenue_m,1255,Revenue / Operating Revenue / Segment revenue,2025-10-30,North American LTL operating statistics and segment results,https://investors.xpo.com/news-releases/news-release-details/xpo-reports-third-quarter-2025-results,,Reported,Medium,XPO source reports pounds/day in thousands; normalized tonnage/day converts pounds to tons. XPO 2024-2025 source pages retained as URL-only after local downloads timed out.
XPO_FY2025_Q3_2025-09-30,XPO North American LTL,2025-09-30,operating_income_m,208,Operating income / Operating Income,2025-10-30,North American LTL operating statistics and segment results,https://investors.xpo.com/news-releases/news-release-details/xpo-reports-third-quarter-2025-results,,Reported,Medium,XPO source reports pounds/day in thousands; normalized tonnage/day converts pounds to tons. XPO 2024-2025 source pages retained as URL-only after local downloads timed out.
XPO_FY2025_Q3_2025-09-30,XPO North American LTL,2025-09-30,adjusted_operating_income_m,217,Adjusted operating income / Non-GAAP measure,2025-10-30,North American LTL operating statistics and segment results,https://investors.xpo.com/news-releases/news-release-details/xpo-reports-third-quarter-2025-results,,Reported,Medium,XPO source reports pounds/day in thousands; normalized tonnage/day converts pounds to tons. XPO 2024-2025 source pages retained as URL-only after local downloads timed out.
XPO_FY2025_Q3_2025-09-30,XPO North American LTL,2025-09-30,operating_margin_pct,16.6,Operating margin / derived from operating ratio where applicable,2025-10-30,North American LTL operating statistics and segment results,https://investors.xpo.com/news-releases/news-release-details/xpo-reports-third-quarter-2025-results,,Reported or algebraic complement when only reciprocal ratio is reported,Medium,XPO source reports pounds/day in thousands; normalized tonnage/day converts pounds to tons. XPO 2024-2025 source pages retained as URL-only after local downloads timed out.
XPO_FY2025_Q3_2025-09-30,XPO North American LTL,2025-09-30,adjusted_operating_margin_pct,17.3,Adjusted operating margin / Non-GAAP measure,2025-10-30,North American LTL operating statistics and segment results,https://investors.xpo.com/news-releases/news-release-details/xpo-reports-third-quarter-2025-results,,Reported,Medium,XPO source reports pounds/day in thousands; normalized tonnage/day converts pounds to tons. XPO 2024-2025 source pages retained as URL-only after local downloads timed out.
XPO_FY2025_Q3_2025-09-30,XPO North American LTL,2025-09-30,operating_ratio_pct,83.4,Operating ratio / derived from operating margin where applicable,2025-10-30,North American LTL operating statistics and segment results,https://investors.xpo.com/news-releases/news-release-details/xpo-reports-third-quarter-2025-results,,Reported or algebraic complement when only reciprocal ratio is reported,Medium,XPO source reports pounds/day in thousands; normalized tonnage/day converts pounds to tons. XPO 2024-2025 source pages retained as URL-only after local downloads timed out.
XPO_FY2025_Q3_2025-09-30,XPO North American LTL,2025-09-30,adjusted_operating_ratio_pct,82.7,Adjusted operating ratio,2025-10-30,North American LTL operating statistics and segment results,https://investors.xpo.com/news-releases/news-release-details/xpo-reports-third-quarter-2025-results,,Reported,Medium,XPO source reports pounds/day in thousands; normalized tonnage/day converts pounds to tons. XPO 2024-2025 source pages retained as URL-only after local downloads timed out.
XPO_FY2025_Q3_2025-09-30,XPO North American LTL,2025-09-30,avg_daily_shipments,50094,LTL shipments per day / Total average daily shipments / Shipments per day,2025-10-30,North American LTL operating statistics and segment results,https://investors.xpo.com/news-releases/news-release-details/xpo-reports-third-quarter-2025-results,,Reported,Medium,XPO source reports pounds/day in thousands; normalized tonnage/day converts pounds to tons. XPO 2024-2025 source pages retained as URL-only after local downloads timed out.
XPO_FY2025_Q3_2025-09-30,XPO North American LTL,2025-09-30,shipments_yoy_pct,-3.5,LTL shipments per day change / Total average daily shipments change,2025-10-30,North American LTL operating statistics and segment results,https://investors.xpo.com/news-releases/news-release-details/xpo-reports-third-quarter-2025-results,,Reported,Medium,XPO source reports pounds/day in thousands; normalized tonnage/day converts pounds to tons. XPO 2024-2025 source pages retained as URL-only after local downloads timed out.
XPO_FY2025_Q3_2025-09-30,XPO North American LTL,2025-09-30,tonnage_per_day,32618.0,LTL tonnage per day / pounds per day converted to tons,2025-10-30,North American LTL operating statistics and segment results,https://investors.xpo.com/news-releases/news-release-details/xpo-reports-third-quarter-2025-results,,Derived: reported pounds/day in thousands * 1000 / 2000,Medium,XPO source reports pounds/day in thousands; normalized tonnage/day converts pounds to tons. XPO 2024-2025 source pages retained as URL-only after local downloads timed out.
XPO_FY2025_Q3_2025-09-30,XPO North American LTL,2025-09-30,tonnage_yoy_pct,-6.1,LTL tonnage per day change / pounds per day change,2025-10-30,North American LTL operating statistics and segment results,https://investors.xpo.com/news-releases/news-release-details/xpo-reports-third-quarter-2025-results,,Reported,Medium,XPO source reports pounds/day in thousands; normalized tonnage/day converts pounds to tons. XPO 2024-2025 source pages retained as URL-only after local downloads timed out.
XPO_FY2025_Q3_2025-09-30,XPO North American LTL,2025-09-30,weight_per_shipment_lbs,1302,LTL weight per shipment (lbs.) / Composite weight per shipment,2025-10-30,North American LTL operating statistics and segment results,https://investors.xpo.com/news-releases/news-release-details/xpo-reports-third-quarter-2025-results,,Reported,Medium,XPO source reports pounds/day in thousands; normalized tonnage/day converts pounds to tons. XPO 2024-2025 source pages retained as URL-only after local downloads timed out.
XPO_FY2025_Q3_2025-09-30,XPO North American LTL,2025-09-30,revenue_per_shipment,391.13,LTL revenue per shipment / Composite revenue per shipment,2025-10-30,North American LTL operating statistics and segment results,https://investors.xpo.com/news-releases/news-release-details/xpo-reports-third-quarter-2025-results,,Reported,Medium,XPO source reports pounds/day in thousands; normalized tonnage/day converts pounds to tons. XPO 2024-2025 source pages retained as URL-only after local downloads timed out.
XPO_FY2025_Q3_2025-09-30,XPO North American LTL,2025-09-30,revenue_per_shipment_ex_fuel,330.48,LTL revenue per shipment excluding fuel surcharge,2025-10-30,North American LTL operating statistics and segment results,https://investors.xpo.com/news-releases/news-release-details/xpo-reports-third-quarter-2025-results,,Reported,Medium,XPO source reports pounds/day in thousands; normalized tonnage/day converts pounds to tons. XPO 2024-2025 source pages retained as URL-only after local downloads timed out.
XPO_FY2025_Q3_2025-09-30,XPO North American LTL,2025-09-30,revenue_per_cwt,30.42,LTL revenue per hundredweight / Composite revenue per hundredweight,2025-10-30,North American LTL operating statistics and segment results,https://investors.xpo.com/news-releases/news-release-details/xpo-reports-third-quarter-2025-results,,Reported,Medium,XPO source reports pounds/day in thousands; normalized tonnage/day converts pounds to tons. XPO 2024-2025 source pages retained as URL-only after local downloads timed out.
XPO_FY2025_Q3_2025-09-30,XPO North American LTL,2025-09-30,revenue_per_cwt_ex_fuel,25.77,LTL revenue per hundredweight excluding fuel surcharge,2025-10-30,North American LTL operating statistics and segment results,https://investors.xpo.com/news-releases/news-release-details/xpo-reports-third-quarter-2025-results,,Reported,Medium,XPO source reports pounds/day in thousands; normalized tonnage/day converts pounds to tons. XPO 2024-2025 source pages retained as URL-only after local downloads timed out.
XPO_FY2025_Q3_2025-09-30,XPO North American LTL,2025-09-30,revenue_per_cwt_ex_fuel_yoy_pct,5.9,Revenue per hundredweight excluding fuel surcharge year-over-year change,2025-10-30,North American LTL operating statistics and segment results,https://investors.xpo.com/news-releases/news-release-details/xpo-reports-third-quarter-2025-results,,Reported,Medium,XPO source reports pounds/day in thousands; normalized tonnage/day converts pounds to tons. XPO 2024-2025 source pages retained as URL-only after local downloads timed out.
XPO_FY2025_Q3_2025-09-30,XPO North American LTL,2025-09-30,yield_ex_fuel_reported,5.9,Yield excluding fuel surcharge growth where source uses yield language,2025-10-30,North American LTL operating statistics and segment results,https://investors.xpo.com/news-releases/news-release-details/xpo-reports-third-quarter-2025-results,,Reported,Medium,XPO source reports pounds/day in thousands; normalized tonnage/day converts pounds to tons. XPO 2024-2025 source pages retained as URL-only after local downloads timed out.
XPO_FY2025_Q4_2025-12-31,XPO North American LTL,2025-12-31,revenue_m,1165,Revenue / Operating Revenue / Segment revenue,2026-02-05,North American LTL operating statistics and segment results,https://investors.xpo.com/news-releases/news-release-details/xpo-reports-fourth-quarter-2025-results,,Reported,Medium,XPO source reports pounds/day in thousands; normalized tonnage/day converts pounds to tons. XPO 2024-2025 source pages retained as URL-only after local downloads timed out.
XPO_FY2025_Q4_2025-12-31,XPO North American LTL,2025-12-31,operating_income_m,184,Operating income / Operating Income,2026-02-05,North American LTL operating statistics and segment results,https://investors.xpo.com/news-releases/news-release-details/xpo-reports-fourth-quarter-2025-results,,Reported,Medium,XPO source reports pounds/day in thousands; normalized tonnage/day converts pounds to tons. XPO 2024-2025 source pages retained as URL-only after local downloads timed out.
XPO_FY2025_Q4_2025-12-31,XPO North American LTL,2025-12-31,adjusted_operating_income_m,181,Adjusted operating income / Non-GAAP measure,2026-02-05,North American LTL operating statistics and segment results,https://investors.xpo.com/news-releases/news-release-details/xpo-reports-fourth-quarter-2025-results,,Reported,Medium,XPO source reports pounds/day in thousands; normalized tonnage/day converts pounds to tons. XPO 2024-2025 source pages retained as URL-only after local downloads timed out.
XPO_FY2025_Q4_2025-12-31,XPO North American LTL,2025-12-31,operating_margin_pct,15.8,Operating margin / derived from operating ratio where applicable,2026-02-05,North American LTL operating statistics and segment results,https://investors.xpo.com/news-releases/news-release-details/xpo-reports-fourth-quarter-2025-results,,Reported or algebraic complement when only reciprocal ratio is reported,Medium,XPO source reports pounds/day in thousands; normalized tonnage/day converts pounds to tons. XPO 2024-2025 source pages retained as URL-only after local downloads timed out.
XPO_FY2025_Q4_2025-12-31,XPO North American LTL,2025-12-31,adjusted_operating_margin_pct,15.6,Adjusted operating margin / Non-GAAP measure,2026-02-05,North American LTL operating statistics and segment results,https://investors.xpo.com/news-releases/news-release-details/xpo-reports-fourth-quarter-2025-results,,Reported,Medium,XPO source reports pounds/day in thousands; normalized tonnage/day converts pounds to tons. XPO 2024-2025 source pages retained as URL-only after local downloads timed out.
XPO_FY2025_Q4_2025-12-31,XPO North American LTL,2025-12-31,operating_ratio_pct,84.2,Operating ratio / derived from operating margin where applicable,2026-02-05,North American LTL operating statistics and segment results,https://investors.xpo.com/news-releases/news-release-details/xpo-reports-fourth-quarter-2025-results,,Reported or algebraic complement when only reciprocal ratio is reported,Medium,XPO source reports pounds/day in thousands; normalized tonnage/day converts pounds to tons. XPO 2024-2025 source pages retained as URL-only after local downloads timed out.
XPO_FY2025_Q4_2025-12-31,XPO North American LTL,2025-12-31,adjusted_operating_ratio_pct,84.4,Adjusted operating ratio,2026-02-05,North American LTL operating statistics and segment results,https://investors.xpo.com/news-releases/news-release-details/xpo-reports-fourth-quarter-2025-results,,Reported,Medium,XPO source reports pounds/day in thousands; normalized tonnage/day converts pounds to tons. XPO 2024-2025 source pages retained as URL-only after local downloads timed out.
XPO_FY2025_Q4_2025-12-31,XPO North American LTL,2025-12-31,avg_daily_shipments,48348,LTL shipments per day / Total average daily shipments / Shipments per day,2026-02-05,North American LTL operating statistics and segment results,https://investors.xpo.com/news-releases/news-release-details/xpo-reports-fourth-quarter-2025-results,,Reported,Medium,XPO source reports pounds/day in thousands; normalized tonnage/day converts pounds to tons. XPO 2024-2025 source pages retained as URL-only after local downloads timed out.
XPO_FY2025_Q4_2025-12-31,XPO North American LTL,2025-12-31,shipments_yoy_pct,-1.6,LTL shipments per day change / Total average daily shipments change,2026-02-05,North American LTL operating statistics and segment results,https://investors.xpo.com/news-releases/news-release-details/xpo-reports-fourth-quarter-2025-results,,Reported,Medium,XPO source reports pounds/day in thousands; normalized tonnage/day converts pounds to tons. XPO 2024-2025 source pages retained as URL-only after local downloads timed out.
XPO_FY2025_Q4_2025-12-31,XPO North American LTL,2025-12-31,tonnage_per_day,31243.0,LTL tonnage per day / pounds per day converted to tons,2026-02-05,North American LTL operating statistics and segment results,https://investors.xpo.com/news-releases/news-release-details/xpo-reports-fourth-quarter-2025-results,,Derived: reported pounds/day in thousands * 1000 / 2000,Medium,XPO source reports pounds/day in thousands; normalized tonnage/day converts pounds to tons. XPO 2024-2025 source pages retained as URL-only after local downloads timed out.
XPO_FY2025_Q4_2025-12-31,XPO North American LTL,2025-12-31,tonnage_yoy_pct,-4.5,LTL tonnage per day change / pounds per day change,2026-02-05,North American LTL operating statistics and segment results,https://investors.xpo.com/news-releases/news-release-details/xpo-reports-fourth-quarter-2025-results,,Reported,Medium,XPO source reports pounds/day in thousands; normalized tonnage/day converts pounds to tons. XPO 2024-2025 source pages retained as URL-only after local downloads timed out.
XPO_FY2025_Q4_2025-12-31,XPO North American LTL,2025-12-31,weight_per_shipment_lbs,1292,LTL weight per shipment (lbs.) / Composite weight per shipment,2026-02-05,North American LTL operating statistics and segment results,https://investors.xpo.com/news-releases/news-release-details/xpo-reports-fourth-quarter-2025-results,,Reported,Medium,XPO source reports pounds/day in thousands; normalized tonnage/day converts pounds to tons. XPO 2024-2025 source pages retained as URL-only after local downloads timed out.
XPO_FY2025_Q4_2025-12-31,XPO North American LTL,2025-12-31,revenue_per_shipment,394.78,LTL revenue per shipment / Composite revenue per shipment,2026-02-05,North American LTL operating statistics and segment results,https://investors.xpo.com/news-releases/news-release-details/xpo-reports-fourth-quarter-2025-results,,Reported,Medium,XPO source reports pounds/day in thousands; normalized tonnage/day converts pounds to tons. XPO 2024-2025 source pages retained as URL-only after local downloads timed out.
XPO_FY2025_Q4_2025-12-31,XPO North American LTL,2025-12-31,revenue_per_shipment_ex_fuel,335.28,LTL revenue per shipment excluding fuel surcharge,2026-02-05,North American LTL operating statistics and segment results,https://investors.xpo.com/news-releases/news-release-details/xpo-reports-fourth-quarter-2025-results,,Reported,Medium,XPO source reports pounds/day in thousands; normalized tonnage/day converts pounds to tons. XPO 2024-2025 source pages retained as URL-only after local downloads timed out.
XPO_FY2025_Q4_2025-12-31,XPO North American LTL,2025-12-31,revenue_per_cwt,30.72,LTL revenue per hundredweight / Composite revenue per hundredweight,2026-02-05,North American LTL operating statistics and segment results,https://investors.xpo.com/news-releases/news-release-details/xpo-reports-fourth-quarter-2025-results,,Reported,Medium,XPO source reports pounds/day in thousands; normalized tonnage/day converts pounds to tons. XPO 2024-2025 source pages retained as URL-only after local downloads timed out.
XPO_FY2025_Q4_2025-12-31,XPO North American LTL,2025-12-31,revenue_per_cwt_ex_fuel,26.12,LTL revenue per hundredweight excluding fuel surcharge,2026-02-05,North American LTL operating statistics and segment results,https://investors.xpo.com/news-releases/news-release-details/xpo-reports-fourth-quarter-2025-results,,Reported,Medium,XPO source reports pounds/day in thousands; normalized tonnage/day converts pounds to tons. XPO 2024-2025 source pages retained as URL-only after local downloads timed out.
XPO_FY2025_Q4_2025-12-31,XPO North American LTL,2025-12-31,revenue_per_cwt_ex_fuel_yoy_pct,5.2,Revenue per hundredweight excluding fuel surcharge year-over-year change,2026-02-05,North American LTL operating statistics and segment results,https://investors.xpo.com/news-releases/news-release-details/xpo-reports-fourth-quarter-2025-results,,Reported,Medium,XPO source reports pounds/day in thousands; normalized tonnage/day converts pounds to tons. XPO 2024-2025 source pages retained as URL-only after local downloads timed out.
XPO_FY2025_Q4_2025-12-31,XPO North American LTL,2025-12-31,yield_ex_fuel_reported,5.2,Yield excluding fuel surcharge growth where source uses yield language,2026-02-05,North American LTL operating statistics and segment results,https://investors.xpo.com/news-releases/news-release-details/xpo-reports-fourth-quarter-2025-results,,Reported,Medium,XPO source reports pounds/day in thousands; normalized tonnage/day converts pounds to tons. XPO 2024-2025 source pages retained as URL-only after local downloads timed out.
XPO_FY2026_Q1_2026-03-31,XPO North American LTL,2026-03-31,revenue_m,1229,Revenue / Operating Revenue / Segment revenue,2026-04-30,North American LTL operating statistics and segment results,https://www.sec.gov/Archives/edgar/data/1166003/000110465926052072/tm2612963d1_ex99-1.htm,outputs\phase1b_ltl_peer_panel\sources\XPO_2026_Q1_SEC_ex99_1.htm,Reported,High,XPO source reports pounds/day in thousands; normalized tonnage/day converts pounds to tons. XPO 2024-2025 source pages retained as URL-only after local downloads timed out.
XPO_FY2026_Q1_2026-03-31,XPO North American LTL,2026-03-31,operating_income_m,189,Operating income / Operating Income,2026-04-30,North American LTL operating statistics and segment results,https://www.sec.gov/Archives/edgar/data/1166003/000110465926052072/tm2612963d1_ex99-1.htm,outputs\phase1b_ltl_peer_panel\sources\XPO_2026_Q1_SEC_ex99_1.htm,Reported,High,XPO source reports pounds/day in thousands; normalized tonnage/day converts pounds to tons. XPO 2024-2025 source pages retained as URL-only after local downloads timed out.
XPO_FY2026_Q1_2026-03-31,XPO North American LTL,2026-03-31,adjusted_operating_income_m,198,Adjusted operating income / Non-GAAP measure,2026-04-30,North American LTL operating statistics and segment results,https://www.sec.gov/Archives/edgar/data/1166003/000110465926052072/tm2612963d1_ex99-1.htm,outputs\phase1b_ltl_peer_panel\sources\XPO_2026_Q1_SEC_ex99_1.htm,Reported,High,XPO source reports pounds/day in thousands; normalized tonnage/day converts pounds to tons. XPO 2024-2025 source pages retained as URL-only after local downloads timed out.
XPO_FY2026_Q1_2026-03-31,XPO North American LTL,2026-03-31,operating_margin_pct,15.4,Operating margin / derived from operating ratio where applicable,2026-04-30,North American LTL operating statistics and segment results,https://www.sec.gov/Archives/edgar/data/1166003/000110465926052072/tm2612963d1_ex99-1.htm,outputs\phase1b_ltl_peer_panel\sources\XPO_2026_Q1_SEC_ex99_1.htm,Reported or algebraic complement when only reciprocal ratio is reported,High,XPO source reports pounds/day in thousands; normalized tonnage/day converts pounds to tons. XPO 2024-2025 source pages retained as URL-only after local downloads timed out.
XPO_FY2026_Q1_2026-03-31,XPO North American LTL,2026-03-31,adjusted_operating_margin_pct,16.1,Adjusted operating margin / Non-GAAP measure,2026-04-30,North American LTL operating statistics and segment results,https://www.sec.gov/Archives/edgar/data/1166003/000110465926052072/tm2612963d1_ex99-1.htm,outputs\phase1b_ltl_peer_panel\sources\XPO_2026_Q1_SEC_ex99_1.htm,Reported,High,XPO source reports pounds/day in thousands; normalized tonnage/day converts pounds to tons. XPO 2024-2025 source pages retained as URL-only after local downloads timed out.
XPO_FY2026_Q1_2026-03-31,XPO North American LTL,2026-03-31,operating_ratio_pct,84.6,Operating ratio / derived from operating margin where applicable,2026-04-30,North American LTL operating statistics and segment results,https://www.sec.gov/Archives/edgar/data/1166003/000110465926052072/tm2612963d1_ex99-1.htm,outputs\phase1b_ltl_peer_panel\sources\XPO_2026_Q1_SEC_ex99_1.htm,Reported or algebraic complement when only reciprocal ratio is reported,High,XPO source reports pounds/day in thousands; normalized tonnage/day converts pounds to tons. XPO 2024-2025 source pages retained as URL-only after local downloads timed out.
XPO_FY2026_Q1_2026-03-31,XPO North American LTL,2026-03-31,adjusted_operating_ratio_pct,83.9,Adjusted operating ratio,2026-04-30,North American LTL operating statistics and segment results,https://www.sec.gov/Archives/edgar/data/1166003/000110465926052072/tm2612963d1_ex99-1.htm,outputs\phase1b_ltl_peer_panel\sources\XPO_2026_Q1_SEC_ex99_1.htm,Reported,High,XPO source reports pounds/day in thousands; normalized tonnage/day converts pounds to tons. XPO 2024-2025 source pages retained as URL-only after local downloads timed out.
XPO_FY2026_Q1_2026-03-31,XPO North American LTL,2026-03-31,avg_daily_shipments,49834,LTL shipments per day / Total average daily shipments / Shipments per day,2026-04-30,North American LTL operating statistics and segment results,https://www.sec.gov/Archives/edgar/data/1166003/000110465926052072/tm2612963d1_ex99-1.htm,outputs\phase1b_ltl_peer_panel\sources\XPO_2026_Q1_SEC_ex99_1.htm,Reported,High,XPO source reports pounds/day in thousands; normalized tonnage/day converts pounds to tons. XPO 2024-2025 source pages retained as URL-only after local downloads timed out.
XPO_FY2026_Q1_2026-03-31,XPO North American LTL,2026-03-31,shipments_yoy_pct,3.0,LTL shipments per day change / Total average daily shipments change,2026-04-30,North American LTL operating statistics and segment results,https://www.sec.gov/Archives/edgar/data/1166003/000110465926052072/tm2612963d1_ex99-1.htm,outputs\phase1b_ltl_peer_panel\sources\XPO_2026_Q1_SEC_ex99_1.htm,Reported,High,XPO source reports pounds/day in thousands; normalized tonnage/day converts pounds to tons. XPO 2024-2025 source pages retained as URL-only after local downloads timed out.
XPO_FY2026_Q1_2026-03-31,XPO North American LTL,2026-03-31,tonnage_per_day,32755.0,LTL tonnage per day / pounds per day converted to tons,2026-04-30,North American LTL operating statistics and segment results,https://www.sec.gov/Archives/edgar/data/1166003/000110465926052072/tm2612963d1_ex99-1.htm,outputs\phase1b_ltl_peer_panel\sources\XPO_2026_Q1_SEC_ex99_1.htm,Derived: reported pounds/day in thousands * 1000 / 2000,High,XPO source reports pounds/day in thousands; normalized tonnage/day converts pounds to tons. XPO 2024-2025 source pages retained as URL-only after local downloads timed out.
XPO_FY2026_Q1_2026-03-31,XPO North American LTL,2026-03-31,tonnage_yoy_pct,0.1,LTL tonnage per day change / pounds per day change,2026-04-30,North American LTL operating statistics and segment results,https://www.sec.gov/Archives/edgar/data/1166003/000110465926052072/tm2612963d1_ex99-1.htm,outputs\phase1b_ltl_peer_panel\sources\XPO_2026_Q1_SEC_ex99_1.htm,Reported,High,XPO source reports pounds/day in thousands; normalized tonnage/day converts pounds to tons. XPO 2024-2025 source pages retained as URL-only after local downloads timed out.
XPO_FY2026_Q1_2026-03-31,XPO North American LTL,2026-03-31,weight_per_shipment_lbs,1315,LTL weight per shipment (lbs.) / Composite weight per shipment,2026-04-30,North American LTL operating statistics and segment results,https://www.sec.gov/Archives/edgar/data/1166003/000110465926052072/tm2612963d1_ex99-1.htm,outputs\phase1b_ltl_peer_panel\sources\XPO_2026_Q1_SEC_ex99_1.htm,Reported,High,XPO source reports pounds/day in thousands; normalized tonnage/day converts pounds to tons. XPO 2024-2025 source pages retained as URL-only after local downloads timed out.
XPO_FY2026_Q1_2026-03-31,XPO North American LTL,2026-03-31,revenue_per_shipment,394.14,LTL revenue per shipment / Composite revenue per shipment,2026-04-30,North American LTL operating statistics and segment results,https://www.sec.gov/Archives/edgar/data/1166003/000110465926052072/tm2612963d1_ex99-1.htm,outputs\phase1b_ltl_peer_panel\sources\XPO_2026_Q1_SEC_ex99_1.htm,Reported,High,XPO source reports pounds/day in thousands; normalized tonnage/day converts pounds to tons. XPO 2024-2025 source pages retained as URL-only after local downloads timed out.
XPO_FY2026_Q1_2026-03-31,XPO North American LTL,2026-03-31,revenue_per_shipment_ex_fuel,329.77,LTL revenue per shipment excluding fuel surcharge,2026-04-30,North American LTL operating statistics and segment results,https://www.sec.gov/Archives/edgar/data/1166003/000110465926052072/tm2612963d1_ex99-1.htm,outputs\phase1b_ltl_peer_panel\sources\XPO_2026_Q1_SEC_ex99_1.htm,Reported,High,XPO source reports pounds/day in thousands; normalized tonnage/day converts pounds to tons. XPO 2024-2025 source pages retained as URL-only after local downloads timed out.
XPO_FY2026_Q1_2026-03-31,XPO North American LTL,2026-03-31,revenue_per_cwt,30.61,LTL revenue per hundredweight / Composite revenue per hundredweight,2026-04-30,North American LTL operating statistics and segment results,https://www.sec.gov/Archives/edgar/data/1166003/000110465926052072/tm2612963d1_ex99-1.htm,outputs\phase1b_ltl_peer_panel\sources\XPO_2026_Q1_SEC_ex99_1.htm,Reported,High,XPO source reports pounds/day in thousands; normalized tonnage/day converts pounds to tons. XPO 2024-2025 source pages retained as URL-only after local downloads timed out.
XPO_FY2026_Q1_2026-03-31,XPO North American LTL,2026-03-31,revenue_per_cwt_ex_fuel,25.71,LTL revenue per hundredweight excluding fuel surcharge,2026-04-30,North American LTL operating statistics and segment results,https://www.sec.gov/Archives/edgar/data/1166003/000110465926052072/tm2612963d1_ex99-1.htm,outputs\phase1b_ltl_peer_panel\sources\XPO_2026_Q1_SEC_ex99_1.htm,Reported,High,XPO source reports pounds/day in thousands; normalized tonnage/day converts pounds to tons. XPO 2024-2025 source pages retained as URL-only after local downloads timed out.
XPO_FY2026_Q1_2026-03-31,XPO North American LTL,2026-03-31,revenue_per_cwt_ex_fuel_yoy_pct,4.0,Revenue per hundredweight excluding fuel surcharge year-over-year change,2026-04-30,North American LTL operating statistics and segment results,https://www.sec.gov/Archives/edgar/data/1166003/000110465926052072/tm2612963d1_ex99-1.htm,outputs\phase1b_ltl_peer_panel\sources\XPO_2026_Q1_SEC_ex99_1.htm,Reported,High,XPO source reports pounds/day in thousands; normalized tonnage/day converts pounds to tons. XPO 2024-2025 source pages retained as URL-only after local downloads timed out.
XPO_FY2026_Q1_2026-03-31,XPO North American LTL,2026-03-31,yield_ex_fuel_reported,4.0,Yield excluding fuel surcharge growth where source uses yield language,2026-04-30,North American LTL operating statistics and segment results,https://www.sec.gov/Archives/edgar/data/1166003/000110465926052072/tm2612963d1_ex99-1.htm,outputs\phase1b_ltl_peer_panel\sources\XPO_2026_Q1_SEC_ex99_1.htm,Reported,High,XPO source reports pounds/day in thousands; normalized tonnage/day converts pounds to tons. XPO 2024-2025 source pages retained as URL-only after local downloads timed out.
FDXF_FY2026_Q1_2025-08-31,FedEx Freight,2025-08-31,revenue_m,2257,Revenue / Operating Revenue / Segment revenue,2025-09-18,FedEx Freight segment financial and operating highlights,https://www.sec.gov/Archives/edgar/data/1048911/000104891125000042/fdx-earningsreleasefy2026q1.htm,outputs\phase1b_ltl_peer_panel\sources\FDX_FY2026_Q1_SEC_ex99_1.htm,Reported,High,FedEx reports fiscal quarters and composite revenue metrics; not calendar-quarter aligned with peers. Adjusted operating ratio is derived as 100 minus adjusted operating margin; adjusted metrics are the preferred profitability comparison during spin-off expense periods.
FDXF_FY2026_Q1_2025-08-31,FedEx Freight,2025-08-31,operating_income_m,360,Operating income / Operating Income,2025-09-18,FedEx Freight segment financial and operating highlights,https://www.sec.gov/Archives/edgar/data/1048911/000104891125000042/fdx-earningsreleasefy2026q1.htm,outputs\phase1b_ltl_peer_panel\sources\FDX_FY2026_Q1_SEC_ex99_1.htm,Reported,High,FedEx reports fiscal quarters and composite revenue metrics; not calendar-quarter aligned with peers. Adjusted operating ratio is derived as 100 minus adjusted operating margin; adjusted metrics are the preferred profitability comparison during spin-off expense periods.
FDXF_FY2026_Q1_2025-08-31,FedEx Freight,2025-08-31,adjusted_operating_income_m,369,Adjusted operating income / Non-GAAP measure,2025-09-18,FedEx Freight segment financial and operating highlights,https://www.sec.gov/Archives/edgar/data/1048911/000104891125000042/fdx-earningsreleasefy2026q1.htm,outputs\phase1b_ltl_peer_panel\sources\FDX_FY2026_Q1_SEC_ex99_1.htm,Reported,High,FedEx reports fiscal quarters and composite revenue metrics; not calendar-quarter aligned with peers. Adjusted operating ratio is derived as 100 minus adjusted operating margin; adjusted metrics are the preferred profitability comparison during spin-off expense periods.
FDXF_FY2026_Q1_2025-08-31,FedEx Freight,2025-08-31,operating_margin_pct,16.0,Operating margin / derived from operating ratio where applicable,2025-09-18,FedEx Freight segment financial and operating highlights,https://www.sec.gov/Archives/edgar/data/1048911/000104891125000042/fdx-earningsreleasefy2026q1.htm,outputs\phase1b_ltl_peer_panel\sources\FDX_FY2026_Q1_SEC_ex99_1.htm,Reported or algebraic complement when only reciprocal ratio is reported,High,FedEx reports fiscal quarters and composite revenue metrics; not calendar-quarter aligned with peers. Adjusted operating ratio is derived as 100 minus adjusted operating margin; adjusted metrics are the preferred profitability comparison during spin-off expense periods.
FDXF_FY2026_Q1_2025-08-31,FedEx Freight,2025-08-31,adjusted_operating_margin_pct,16.3,Adjusted operating margin / Non-GAAP measure,2025-09-18,FedEx Freight segment financial and operating highlights,https://www.sec.gov/Archives/edgar/data/1048911/000104891125000042/fdx-earningsreleasefy2026q1.htm,outputs\phase1b_ltl_peer_panel\sources\FDX_FY2026_Q1_SEC_ex99_1.htm,Reported,High,FedEx reports fiscal quarters and composite revenue metrics; not calendar-quarter aligned with peers. Adjusted operating ratio is derived as 100 minus adjusted operating margin; adjusted metrics are the preferred profitability comparison during spin-off expense periods.
FDXF_FY2026_Q1_2025-08-31,FedEx Freight,2025-08-31,operating_ratio_pct,84.0,Operating ratio / derived from operating margin where applicable,2025-09-18,FedEx Freight segment financial and operating highlights,https://www.sec.gov/Archives/edgar/data/1048911/000104891125000042/fdx-earningsreleasefy2026q1.htm,outputs\phase1b_ltl_peer_panel\sources\FDX_FY2026_Q1_SEC_ex99_1.htm,Reported or algebraic complement when only reciprocal ratio is reported,High,FedEx reports fiscal quarters and composite revenue metrics; not calendar-quarter aligned with peers. Adjusted operating ratio is derived as 100 minus adjusted operating margin; adjusted metrics are the preferred profitability comparison during spin-off expense periods.
FDXF_FY2026_Q1_2025-08-31,FedEx Freight,2025-08-31,adjusted_operating_ratio_pct,83.7,Adjusted operating ratio,2025-09-18,FedEx Freight segment financial and operating highlights,https://www.sec.gov/Archives/edgar/data/1048911/000104891125000042/fdx-earningsreleasefy2026q1.htm,outputs\phase1b_ltl_peer_panel\sources\FDX_FY2026_Q1_SEC_ex99_1.htm,Reported,High,FedEx reports fiscal quarters and composite revenue metrics; not calendar-quarter aligned with peers. Adjusted operating ratio is derived as 100 minus adjusted operating margin; adjusted metrics are the preferred profitability comparison during spin-off expense periods.
FDXF_FY2026_Q1_2025-08-31,FedEx Freight,2025-08-31,avg_daily_shipments,90012,LTL shipments per day / Total average daily shipments / Shipments per day,2025-09-18,FedEx Freight segment financial and operating highlights,https://www.sec.gov/Archives/edgar/data/1048911/000104891125000042/fdx-earningsreleasefy2026q1.htm,outputs\phase1b_ltl_peer_panel\sources\FDX_FY2026_Q1_SEC_ex99_1.htm,"Reported in thousands; multiplied by 1,000 for count scale",High,FedEx reports fiscal quarters and composite revenue metrics; not calendar-quarter aligned with peers. Adjusted operating ratio is derived as 100 minus adjusted operating margin; adjusted metrics are the preferred profitability comparison during spin-off expense periods.
FDXF_FY2026_Q1_2025-08-31,FedEx Freight,2025-08-31,shipments_yoy_pct,-2,LTL shipments per day change / Total average daily shipments change,2025-09-18,FedEx Freight segment financial and operating highlights,https://www.sec.gov/Archives/edgar/data/1048911/000104891125000042/fdx-earningsreleasefy2026q1.htm,outputs\phase1b_ltl_peer_panel\sources\FDX_FY2026_Q1_SEC_ex99_1.htm,Reported,High,FedEx reports fiscal quarters and composite revenue metrics; not calendar-quarter aligned with peers. Adjusted operating ratio is derived as 100 minus adjusted operating margin; adjusted metrics are the preferred profitability comparison during spin-off expense periods.
FDXF_FY2026_Q1_2025-08-31,FedEx Freight,2025-08-31,weight_per_shipment_lbs,925,LTL weight per shipment (lbs.) / Composite weight per shipment,2025-09-18,FedEx Freight segment financial and operating highlights,https://www.sec.gov/Archives/edgar/data/1048911/000104891125000042/fdx-earningsreleasefy2026q1.htm,outputs\phase1b_ltl_peer_panel\sources\FDX_FY2026_Q1_SEC_ex99_1.htm,Reported,High,FedEx reports fiscal quarters and composite revenue metrics; not calendar-quarter aligned with peers. Adjusted operating ratio is derived as 100 minus adjusted operating margin; adjusted metrics are the preferred profitability comparison during spin-off expense periods.
FDXF_FY2026_Q1_2025-08-31,FedEx Freight,2025-08-31,revenue_per_shipment,374.62,LTL revenue per shipment / Composite revenue per shipment,2025-09-18,FedEx Freight segment financial and operating highlights,https://www.sec.gov/Archives/edgar/data/1048911/000104891125000042/fdx-earningsreleasefy2026q1.htm,outputs\phase1b_ltl_peer_panel\sources\FDX_FY2026_Q1_SEC_ex99_1.htm,Reported,High,FedEx reports fiscal quarters and composite revenue metrics; not calendar-quarter aligned with peers. Adjusted operating ratio is derived as 100 minus adjusted operating margin; adjusted metrics are the preferred profitability comparison during spin-off expense periods.
FDXF_FY2026_Q1_2025-08-31,FedEx Freight,2025-08-31,revenue_per_shipment_yoy_pct,-1,Revenue per shipment year-over-year change,2025-09-18,FedEx Freight segment financial and operating highlights,https://www.sec.gov/Archives/edgar/data/1048911/000104891125000042/fdx-earningsreleasefy2026q1.htm,outputs\phase1b_ltl_peer_panel\sources\FDX_FY2026_Q1_SEC_ex99_1.htm,Reported,High,FedEx reports fiscal quarters and composite revenue metrics; not calendar-quarter aligned with peers. Adjusted operating ratio is derived as 100 minus adjusted operating margin; adjusted metrics are the preferred profitability comparison during spin-off expense periods.
FDXF_FY2026_Q1_2025-08-31,FedEx Freight,2025-08-31,revenue_per_cwt,40.5,LTL revenue per hundredweight / Composite revenue per hundredweight,2025-09-18,FedEx Freight segment financial and operating highlights,https://www.sec.gov/Archives/edgar/data/1048911/000104891125000042/fdx-earningsreleasefy2026q1.htm,outputs\phase1b_ltl_peer_panel\sources\FDX_FY2026_Q1_SEC_ex99_1.htm,Reported,High,FedEx reports fiscal quarters and composite revenue metrics; not calendar-quarter aligned with peers. Adjusted operating ratio is derived as 100 minus adjusted operating margin; adjusted metrics are the preferred profitability comparison during spin-off expense periods.
FDXF_FY2026_Q1_2025-08-31,FedEx Freight,2025-08-31,revenue_per_cwt_yoy_pct,-1,Revenue per hundredweight year-over-year change,2025-09-18,FedEx Freight segment financial and operating highlights,https://www.sec.gov/Archives/edgar/data/1048911/000104891125000042/fdx-earningsreleasefy2026q1.htm,outputs\phase1b_ltl_peer_panel\sources\FDX_FY2026_Q1_SEC_ex99_1.htm,Reported,High,FedEx reports fiscal quarters and composite revenue metrics; not calendar-quarter aligned with peers. Adjusted operating ratio is derived as 100 minus adjusted operating margin; adjusted metrics are the preferred profitability comparison during spin-off expense periods.
FDXF_FY2026_Q2_2025-11-30,FedEx Freight,2025-11-30,revenue_m,2139,Revenue / Operating Revenue / Segment revenue,2025-12-18,FedEx Freight segment financial and operating highlights,https://www.sec.gov/Archives/edgar/data/1048911/000104891125000076/fdx-earningsreleasefy2026q2.htm,outputs\phase1b_ltl_peer_panel\sources\FDX_FY2026_Q2_SEC_ex99_1.htm,Reported,High,FedEx reports fiscal quarters and composite revenue metrics; not calendar-quarter aligned with peers. Adjusted operating ratio is derived as 100 minus adjusted operating margin; adjusted metrics are the preferred profitability comparison during spin-off expense periods.
FDXF_FY2026_Q2_2025-11-30,FedEx Freight,2025-11-30,operating_income_m,90,Operating income / Operating Income,2025-12-18,FedEx Freight segment financial and operating highlights,https://www.sec.gov/Archives/edgar/data/1048911/000104891125000076/fdx-earningsreleasefy2026q2.htm,outputs\phase1b_ltl_peer_panel\sources\FDX_FY2026_Q2_SEC_ex99_1.htm,Reported,High,FedEx reports fiscal quarters and composite revenue metrics; not calendar-quarter aligned with peers. Adjusted operating ratio is derived as 100 minus adjusted operating margin; adjusted metrics are the preferred profitability comparison during spin-off expense periods.
FDXF_FY2026_Q2_2025-11-30,FedEx Freight,2025-11-30,adjusted_operating_income_m,242,Adjusted operating income / Non-GAAP measure,2025-12-18,FedEx Freight segment financial and operating highlights,https://www.sec.gov/Archives/edgar/data/1048911/000104891125000076/fdx-earningsreleasefy2026q2.htm,outputs\phase1b_ltl_peer_panel\sources\FDX_FY2026_Q2_SEC_ex99_1.htm,Reported,High,FedEx reports fiscal quarters and composite revenue metrics; not calendar-quarter aligned with peers. Adjusted operating ratio is derived as 100 minus adjusted operating margin; adjusted metrics are the preferred profitability comparison during spin-off expense periods.
FDXF_FY2026_Q2_2025-11-30,FedEx Freight,2025-11-30,operating_margin_pct,4.2,Operating margin / derived from operating ratio where applicable,2025-12-18,FedEx Freight segment financial and operating highlights,https://www.sec.gov/Archives/edgar/data/1048911/000104891125000076/fdx-earningsreleasefy2026q2.htm,outputs\phase1b_ltl_peer_panel\sources\FDX_FY2026_Q2_SEC_ex99_1.htm,Reported or algebraic complement when only reciprocal ratio is reported,High,FedEx reports fiscal quarters and composite revenue metrics; not calendar-quarter aligned with peers. Adjusted operating ratio is derived as 100 minus adjusted operating margin; adjusted metrics are the preferred profitability comparison during spin-off expense periods.
FDXF_FY2026_Q2_2025-11-30,FedEx Freight,2025-11-30,adjusted_operating_margin_pct,11.3,Adjusted operating margin / Non-GAAP measure,2025-12-18,FedEx Freight segment financial and operating highlights,https://www.sec.gov/Archives/edgar/data/1048911/000104891125000076/fdx-earningsreleasefy2026q2.htm,outputs\phase1b_ltl_peer_panel\sources\FDX_FY2026_Q2_SEC_ex99_1.htm,Reported,High,FedEx reports fiscal quarters and composite revenue metrics; not calendar-quarter aligned with peers. Adjusted operating ratio is derived as 100 minus adjusted operating margin; adjusted metrics are the preferred profitability comparison during spin-off expense periods.
FDXF_FY2026_Q2_2025-11-30,FedEx Freight,2025-11-30,operating_ratio_pct,95.8,Operating ratio / derived from operating margin where applicable,2025-12-18,FedEx Freight segment financial and operating highlights,https://www.sec.gov/Archives/edgar/data/1048911/000104891125000076/fdx-earningsreleasefy2026q2.htm,outputs\phase1b_ltl_peer_panel\sources\FDX_FY2026_Q2_SEC_ex99_1.htm,Reported or algebraic complement when only reciprocal ratio is reported,High,FedEx reports fiscal quarters and composite revenue metrics; not calendar-quarter aligned with peers. Adjusted operating ratio is derived as 100 minus adjusted operating margin; adjusted metrics are the preferred profitability comparison during spin-off expense periods.
FDXF_FY2026_Q2_2025-11-30,FedEx Freight,2025-11-30,adjusted_operating_ratio_pct,88.7,Adjusted operating ratio,2025-12-18,FedEx Freight segment financial and operating highlights,https://www.sec.gov/Archives/edgar/data/1048911/000104891125000076/fdx-earningsreleasefy2026q2.htm,outputs\phase1b_ltl_peer_panel\sources\FDX_FY2026_Q2_SEC_ex99_1.htm,Reported,High,FedEx reports fiscal quarters and composite revenue metrics; not calendar-quarter aligned with peers. Adjusted operating ratio is derived as 100 minus adjusted operating margin; adjusted metrics are the preferred profitability comparison during spin-off expense periods.
FDXF_FY2026_Q2_2025-11-30,FedEx Freight,2025-11-30,avg_daily_shipments,87438,LTL shipments per day / Total average daily shipments / Shipments per day,2025-12-18,FedEx Freight segment financial and operating highlights,https://www.sec.gov/Archives/edgar/data/1048911/000104891125000076/fdx-earningsreleasefy2026q2.htm,outputs\phase1b_ltl_peer_panel\sources\FDX_FY2026_Q2_SEC_ex99_1.htm,"Reported in thousands; multiplied by 1,000 for count scale",High,FedEx reports fiscal quarters and composite revenue metrics; not calendar-quarter aligned with peers. Adjusted operating ratio is derived as 100 minus adjusted operating margin; adjusted metrics are the preferred profitability comparison during spin-off expense periods.
FDXF_FY2026_Q2_2025-11-30,FedEx Freight,2025-11-30,shipments_yoy_pct,-4,LTL shipments per day change / Total average daily shipments change,2025-12-18,FedEx Freight segment financial and operating highlights,https://www.sec.gov/Archives/edgar/data/1048911/000104891125000076/fdx-earningsreleasefy2026q2.htm,outputs\phase1b_ltl_peer_panel\sources\FDX_FY2026_Q2_SEC_ex99_1.htm,Reported,High,FedEx reports fiscal quarters and composite revenue metrics; not calendar-quarter aligned with peers. Adjusted operating ratio is derived as 100 minus adjusted operating margin; adjusted metrics are the preferred profitability comparison during spin-off expense periods.
FDXF_FY2026_Q2_2025-11-30,FedEx Freight,2025-11-30,weight_per_shipment_lbs,924,LTL weight per shipment (lbs.) / Composite weight per shipment,2025-12-18,FedEx Freight segment financial and operating highlights,https://www.sec.gov/Archives/edgar/data/1048911/000104891125000076/fdx-earningsreleasefy2026q2.htm,outputs\phase1b_ltl_peer_panel\sources\FDX_FY2026_Q2_SEC_ex99_1.htm,Reported,High,FedEx reports fiscal quarters and composite revenue metrics; not calendar-quarter aligned with peers. Adjusted operating ratio is derived as 100 minus adjusted operating margin; adjusted metrics are the preferred profitability comparison during spin-off expense periods.
FDXF_FY2026_Q2_2025-11-30,FedEx Freight,2025-11-30,weight_per_shipment_yoy_pct,1,Weight per shipment year-over-year change,2025-12-18,FedEx Freight segment financial and operating highlights,https://www.sec.gov/Archives/edgar/data/1048911/000104891125000076/fdx-earningsreleasefy2026q2.htm,outputs\phase1b_ltl_peer_panel\sources\FDX_FY2026_Q2_SEC_ex99_1.htm,Reported,High,FedEx reports fiscal quarters and composite revenue metrics; not calendar-quarter aligned with peers. Adjusted operating ratio is derived as 100 minus adjusted operating margin; adjusted metrics are the preferred profitability comparison during spin-off expense periods.
FDXF_FY2026_Q2_2025-11-30,FedEx Freight,2025-11-30,revenue_per_shipment,375.97,LTL revenue per shipment / Composite revenue per shipment,2025-12-18,FedEx Freight segment financial and operating highlights,https://www.sec.gov/Archives/edgar/data/1048911/000104891125000076/fdx-earningsreleasefy2026q2.htm,outputs\phase1b_ltl_peer_panel\sources\FDX_FY2026_Q2_SEC_ex99_1.htm,Reported,High,FedEx reports fiscal quarters and composite revenue metrics; not calendar-quarter aligned with peers. Adjusted operating ratio is derived as 100 minus adjusted operating margin; adjusted metrics are the preferred profitability comparison during spin-off expense periods.
FDXF_FY2026_Q2_2025-11-30,FedEx Freight,2025-11-30,revenue_per_shipment_yoy_pct,2,Revenue per shipment year-over-year change,2025-12-18,FedEx Freight segment financial and operating highlights,https://www.sec.gov/Archives/edgar/data/1048911/000104891125000076/fdx-earningsreleasefy2026q2.htm,outputs\phase1b_ltl_peer_panel\sources\FDX_FY2026_Q2_SEC_ex99_1.htm,Reported,High,FedEx reports fiscal quarters and composite revenue metrics; not calendar-quarter aligned with peers. Adjusted operating ratio is derived as 100 minus adjusted operating margin; adjusted metrics are the preferred profitability comparison during spin-off expense periods.
FDXF_FY2026_Q2_2025-11-30,FedEx Freight,2025-11-30,revenue_per_cwt,40.71,LTL revenue per hundredweight / Composite revenue per hundredweight,2025-12-18,FedEx Freight segment financial and operating highlights,https://www.sec.gov/Archives/edgar/data/1048911/000104891125000076/fdx-earningsreleasefy2026q2.htm,outputs\phase1b_ltl_peer_panel\sources\FDX_FY2026_Q2_SEC_ex99_1.htm,Reported,High,FedEx reports fiscal quarters and composite revenue metrics; not calendar-quarter aligned with peers. Adjusted operating ratio is derived as 100 minus adjusted operating margin; adjusted metrics are the preferred profitability comparison during spin-off expense periods.
FDXF_FY2026_Q2_2025-11-30,FedEx Freight,2025-11-30,revenue_per_cwt_yoy_pct,1,Revenue per hundredweight year-over-year change,2025-12-18,FedEx Freight segment financial and operating highlights,https://www.sec.gov/Archives/edgar/data/1048911/000104891125000076/fdx-earningsreleasefy2026q2.htm,outputs\phase1b_ltl_peer_panel\sources\FDX_FY2026_Q2_SEC_ex99_1.htm,Reported,High,FedEx reports fiscal quarters and composite revenue metrics; not calendar-quarter aligned with peers. Adjusted operating ratio is derived as 100 minus adjusted operating margin; adjusted metrics are the preferred profitability comparison during spin-off expense periods.
FDXF_FY2026_Q3_2026-02-28,FedEx Freight,2026-02-28,revenue_m,1991,Revenue / Operating Revenue / Segment revenue,2026-03-19,FedEx Freight segment financial and operating highlights,https://www.sec.gov/Archives/edgar/data/1048911/000104891126000010/fdx-earningsreleasefy2026q3.htm,outputs\phase1b_ltl_peer_panel\sources\FDX_FY2026_Q3_SEC_ex99_1.htm,Reported,High,FedEx reports fiscal quarters and composite revenue metrics; not calendar-quarter aligned with peers. Adjusted operating ratio is derived as 100 minus adjusted operating margin; adjusted metrics are the preferred profitability comparison during spin-off expense periods.
FDXF_FY2026_Q3_2026-02-28,FedEx Freight,2026-02-28,operating_income_m,8,Operating income / Operating Income,2026-03-19,FedEx Freight segment financial and operating highlights,https://www.sec.gov/Archives/edgar/data/1048911/000104891126000010/fdx-earningsreleasefy2026q3.htm,outputs\phase1b_ltl_peer_panel\sources\FDX_FY2026_Q3_SEC_ex99_1.htm,Reported,High,FedEx reports fiscal quarters and composite revenue metrics; not calendar-quarter aligned with peers. Adjusted operating ratio is derived as 100 minus adjusted operating margin; adjusted metrics are the preferred profitability comparison during spin-off expense periods.
FDXF_FY2026_Q3_2026-02-28,FedEx Freight,2026-02-28,adjusted_operating_income_m,134,Adjusted operating income / Non-GAAP measure,2026-03-19,FedEx Freight segment financial and operating highlights,https://www.sec.gov/Archives/edgar/data/1048911/000104891126000010/fdx-earningsreleasefy2026q3.htm,outputs\phase1b_ltl_peer_panel\sources\FDX_FY2026_Q3_SEC_ex99_1.htm,Reported,High,FedEx reports fiscal quarters and composite revenue metrics; not calendar-quarter aligned with peers. Adjusted operating ratio is derived as 100 minus adjusted operating margin; adjusted metrics are the preferred profitability comparison during spin-off expense periods.
FDXF_FY2026_Q3_2026-02-28,FedEx Freight,2026-02-28,operating_margin_pct,0.4,Operating margin / derived from operating ratio where applicable,2026-03-19,FedEx Freight segment financial and operating highlights,https://www.sec.gov/Archives/edgar/data/1048911/000104891126000010/fdx-earningsreleasefy2026q3.htm,outputs\phase1b_ltl_peer_panel\sources\FDX_FY2026_Q3_SEC_ex99_1.htm,Reported or algebraic complement when only reciprocal ratio is reported,High,FedEx reports fiscal quarters and composite revenue metrics; not calendar-quarter aligned with peers. Adjusted operating ratio is derived as 100 minus adjusted operating margin; adjusted metrics are the preferred profitability comparison during spin-off expense periods.
FDXF_FY2026_Q3_2026-02-28,FedEx Freight,2026-02-28,adjusted_operating_margin_pct,6.7,Adjusted operating margin / Non-GAAP measure,2026-03-19,FedEx Freight segment financial and operating highlights,https://www.sec.gov/Archives/edgar/data/1048911/000104891126000010/fdx-earningsreleasefy2026q3.htm,outputs\phase1b_ltl_peer_panel\sources\FDX_FY2026_Q3_SEC_ex99_1.htm,Reported,High,FedEx reports fiscal quarters and composite revenue metrics; not calendar-quarter aligned with peers. Adjusted operating ratio is derived as 100 minus adjusted operating margin; adjusted metrics are the preferred profitability comparison during spin-off expense periods.
FDXF_FY2026_Q3_2026-02-28,FedEx Freight,2026-02-28,operating_ratio_pct,99.6,Operating ratio / derived from operating margin where applicable,2026-03-19,FedEx Freight segment financial and operating highlights,https://www.sec.gov/Archives/edgar/data/1048911/000104891126000010/fdx-earningsreleasefy2026q3.htm,outputs\phase1b_ltl_peer_panel\sources\FDX_FY2026_Q3_SEC_ex99_1.htm,Reported or algebraic complement when only reciprocal ratio is reported,High,FedEx reports fiscal quarters and composite revenue metrics; not calendar-quarter aligned with peers. Adjusted operating ratio is derived as 100 minus adjusted operating margin; adjusted metrics are the preferred profitability comparison during spin-off expense periods.
FDXF_FY2026_Q3_2026-02-28,FedEx Freight,2026-02-28,adjusted_operating_ratio_pct,93.3,Adjusted operating ratio,2026-03-19,FedEx Freight segment financial and operating highlights,https://www.sec.gov/Archives/edgar/data/1048911/000104891126000010/fdx-earningsreleasefy2026q3.htm,outputs\phase1b_ltl_peer_panel\sources\FDX_FY2026_Q3_SEC_ex99_1.htm,Reported,High,FedEx reports fiscal quarters and composite revenue metrics; not calendar-quarter aligned with peers. Adjusted operating ratio is derived as 100 minus adjusted operating margin; adjusted metrics are the preferred profitability comparison during spin-off expense periods.
FDXF_FY2026_Q3_2026-02-28,FedEx Freight,2026-02-28,avg_daily_shipments,80233,LTL shipments per day / Total average daily shipments / Shipments per day,2026-03-19,FedEx Freight segment financial and operating highlights,https://www.sec.gov/Archives/edgar/data/1048911/000104891126000010/fdx-earningsreleasefy2026q3.htm,outputs\phase1b_ltl_peer_panel\sources\FDX_FY2026_Q3_SEC_ex99_1.htm,"Reported in thousands; multiplied by 1,000 for count scale",High,FedEx reports fiscal quarters and composite revenue metrics; not calendar-quarter aligned with peers. Adjusted operating ratio is derived as 100 minus adjusted operating margin; adjusted metrics are the preferred profitability comparison during spin-off expense periods.
FDXF_FY2026_Q3_2026-02-28,FedEx Freight,2026-02-28,shipments_yoy_pct,-6,LTL shipments per day change / Total average daily shipments change,2026-03-19,FedEx Freight segment financial and operating highlights,https://www.sec.gov/Archives/edgar/data/1048911/000104891126000010/fdx-earningsreleasefy2026q3.htm,outputs\phase1b_ltl_peer_panel\sources\FDX_FY2026_Q3_SEC_ex99_1.htm,Reported,High,FedEx reports fiscal quarters and composite revenue metrics; not calendar-quarter aligned with peers. Adjusted operating ratio is derived as 100 minus adjusted operating margin; adjusted metrics are the preferred profitability comparison during spin-off expense periods.
FDXF_FY2026_Q3_2026-02-28,FedEx Freight,2026-02-28,weight_per_shipment_lbs,926,LTL weight per shipment (lbs.) / Composite weight per shipment,2026-03-19,FedEx Freight segment financial and operating highlights,https://www.sec.gov/Archives/edgar/data/1048911/000104891126000010/fdx-earningsreleasefy2026q3.htm,outputs\phase1b_ltl_peer_panel\sources\FDX_FY2026_Q3_SEC_ex99_1.htm,Reported,High,FedEx reports fiscal quarters and composite revenue metrics; not calendar-quarter aligned with peers. Adjusted operating ratio is derived as 100 minus adjusted operating margin; adjusted metrics are the preferred profitability comparison during spin-off expense periods.
FDXF_FY2026_Q3_2026-02-28,FedEx Freight,2026-02-28,weight_per_shipment_yoy_pct,1,Weight per shipment year-over-year change,2026-03-19,FedEx Freight segment financial and operating highlights,https://www.sec.gov/Archives/edgar/data/1048911/000104891126000010/fdx-earningsreleasefy2026q3.htm,outputs\phase1b_ltl_peer_panel\sources\FDX_FY2026_Q3_SEC_ex99_1.htm,Reported,High,FedEx reports fiscal quarters and composite revenue metrics; not calendar-quarter aligned with peers. Adjusted operating ratio is derived as 100 minus adjusted operating margin; adjusted metrics are the preferred profitability comparison during spin-off expense periods.
FDXF_FY2026_Q3_2026-02-28,FedEx Freight,2026-02-28,revenue_per_shipment,380.24,LTL revenue per shipment / Composite revenue per shipment,2026-03-19,FedEx Freight segment financial and operating highlights,https://www.sec.gov/Archives/edgar/data/1048911/000104891126000010/fdx-earningsreleasefy2026q3.htm,outputs\phase1b_ltl_peer_panel\sources\FDX_FY2026_Q3_SEC_ex99_1.htm,Reported,High,FedEx reports fiscal quarters and composite revenue metrics; not calendar-quarter aligned with peers. Adjusted operating ratio is derived as 100 minus adjusted operating margin; adjusted metrics are the preferred profitability comparison during spin-off expense periods.
FDXF_FY2026_Q3_2026-02-28,FedEx Freight,2026-02-28,revenue_per_shipment_yoy_pct,1,Revenue per shipment year-over-year change,2026-03-19,FedEx Freight segment financial and operating highlights,https://www.sec.gov/Archives/edgar/data/1048911/000104891126000010/fdx-earningsreleasefy2026q3.htm,outputs\phase1b_ltl_peer_panel\sources\FDX_FY2026_Q3_SEC_ex99_1.htm,Reported,High,FedEx reports fiscal quarters and composite revenue metrics; not calendar-quarter aligned with peers. Adjusted operating ratio is derived as 100 minus adjusted operating margin; adjusted metrics are the preferred profitability comparison during spin-off expense periods.
FDXF_FY2026_Q3_2026-02-28,FedEx Freight,2026-02-28,revenue_per_cwt,41.08,LTL revenue per hundredweight / Composite revenue per hundredweight,2026-03-19,FedEx Freight segment financial and operating highlights,https://www.sec.gov/Archives/edgar/data/1048911/000104891126000010/fdx-earningsreleasefy2026q3.htm,outputs\phase1b_ltl_peer_panel\sources\FDX_FY2026_Q3_SEC_ex99_1.htm,Reported,High,FedEx reports fiscal quarters and composite revenue metrics; not calendar-quarter aligned with peers. Adjusted operating ratio is derived as 100 minus adjusted operating margin; adjusted metrics are the preferred profitability comparison during spin-off expense periods.
FDXF_FY2026_Q3_2026-02-28,FedEx Freight,2026-02-28,revenue_per_cwt_yoy_pct,0,Revenue per hundredweight year-over-year change,2026-03-19,FedEx Freight segment financial and operating highlights,https://www.sec.gov/Archives/edgar/data/1048911/000104891126000010/fdx-earningsreleasefy2026q3.htm,outputs\phase1b_ltl_peer_panel\sources\FDX_FY2026_Q3_SEC_ex99_1.htm,Reported,High,FedEx reports fiscal quarters and composite revenue metrics; not calendar-quarter aligned with peers. Adjusted operating ratio is derived as 100 minus adjusted operating margin; adjusted metrics are the preferred profitability comparison during spin-off expense periods.
FDXF_FY2026_Q4_2026-05-31,FedEx Freight,2026-05-31,revenue_m,2400,Revenue / Operating Revenue / Segment revenue,2026-06-25,Fourth quarter fiscal 2026 results bullets and non-GAAP reconciliation,https://ir.fedexfreight.com/news-events/press-releases/detail/185/fedex-freight-reports-fourth-quarter-and-full-fiscal-year-2026-financial-results,outputs\phase1b_ltl_peer_panel\sources\FDXF_FY2026_Q4_IR.html,Reported,High,FedEx reports fiscal quarters and composite metrics; Q4 source reports base revenue/CWT only directionally. Adjusted operating ratio is derived as 100 minus adjusted operating margin; adjusted metrics are the preferred profitability comparison during spin-off expense periods.
FDXF_FY2026_Q4_2026-05-31,FedEx Freight,2026-05-31,operating_income_m,158,Operating income / Operating Income,2026-06-25,Fourth quarter fiscal 2026 results bullets and non-GAAP reconciliation,https://ir.fedexfreight.com/news-events/press-releases/detail/185/fedex-freight-reports-fourth-quarter-and-full-fiscal-year-2026-financial-results,outputs\phase1b_ltl_peer_panel\sources\FDXF_FY2026_Q4_IR.html,Reported,High,FedEx reports fiscal quarters and composite metrics; Q4 source reports base revenue/CWT only directionally. Adjusted operating ratio is derived as 100 minus adjusted operating margin; adjusted metrics are the preferred profitability comparison during spin-off expense periods.
FDXF_FY2026_Q4_2026-05-31,FedEx Freight,2026-05-31,adjusted_operating_income_m,363,Adjusted operating income / Non-GAAP measure,2026-06-25,Fourth quarter fiscal 2026 results bullets and non-GAAP reconciliation,https://ir.fedexfreight.com/news-events/press-releases/detail/185/fedex-freight-reports-fourth-quarter-and-full-fiscal-year-2026-financial-results,outputs\phase1b_ltl_peer_panel\sources\FDXF_FY2026_Q4_IR.html,Reported,High,FedEx reports fiscal quarters and composite metrics; Q4 source reports base revenue/CWT only directionally. Adjusted operating ratio is derived as 100 minus adjusted operating margin; adjusted metrics are the preferred profitability comparison during spin-off expense periods.
FDXF_FY2026_Q4_2026-05-31,FedEx Freight,2026-05-31,operating_margin_pct,6.6,Operating margin / derived from operating ratio where applicable,2026-06-25,Fourth quarter fiscal 2026 results bullets and non-GAAP reconciliation,https://ir.fedexfreight.com/news-events/press-releases/detail/185/fedex-freight-reports-fourth-quarter-and-full-fiscal-year-2026-financial-results,outputs\phase1b_ltl_peer_panel\sources\FDXF_FY2026_Q4_IR.html,Reported or algebraic complement when only reciprocal ratio is reported,High,FedEx reports fiscal quarters and composite metrics; Q4 source reports base revenue/CWT only directionally. Adjusted operating ratio is derived as 100 minus adjusted operating margin; adjusted metrics are the preferred profitability comparison during spin-off expense periods.
FDXF_FY2026_Q4_2026-05-31,FedEx Freight,2026-05-31,adjusted_operating_margin_pct,15.1,Adjusted operating margin / Non-GAAP measure,2026-06-25,Fourth quarter fiscal 2026 results bullets and non-GAAP reconciliation,https://ir.fedexfreight.com/news-events/press-releases/detail/185/fedex-freight-reports-fourth-quarter-and-full-fiscal-year-2026-financial-results,outputs\phase1b_ltl_peer_panel\sources\FDXF_FY2026_Q4_IR.html,Reported,High,FedEx reports fiscal quarters and composite metrics; Q4 source reports base revenue/CWT only directionally. Adjusted operating ratio is derived as 100 minus adjusted operating margin; adjusted metrics are the preferred profitability comparison during spin-off expense periods.
FDXF_FY2026_Q4_2026-05-31,FedEx Freight,2026-05-31,operating_ratio_pct,93.4,Operating ratio / derived from operating margin where applicable,2026-06-25,Fourth quarter fiscal 2026 results bullets and non-GAAP reconciliation,https://ir.fedexfreight.com/news-events/press-releases/detail/185/fedex-freight-reports-fourth-quarter-and-full-fiscal-year-2026-financial-results,outputs\phase1b_ltl_peer_panel\sources\FDXF_FY2026_Q4_IR.html,Reported or algebraic complement when only reciprocal ratio is reported,High,FedEx reports fiscal quarters and composite metrics; Q4 source reports base revenue/CWT only directionally. Adjusted operating ratio is derived as 100 minus adjusted operating margin; adjusted metrics are the preferred profitability comparison during spin-off expense periods.
FDXF_FY2026_Q4_2026-05-31,FedEx Freight,2026-05-31,adjusted_operating_ratio_pct,84.9,Adjusted operating ratio,2026-06-25,Fourth quarter fiscal 2026 results bullets and non-GAAP reconciliation,https://ir.fedexfreight.com/news-events/press-releases/detail/185/fedex-freight-reports-fourth-quarter-and-full-fiscal-year-2026-financial-results,outputs\phase1b_ltl_peer_panel\sources\FDXF_FY2026_Q4_IR.html,Reported,High,FedEx reports fiscal quarters and composite metrics; Q4 source reports base revenue/CWT only directionally. Adjusted operating ratio is derived as 100 minus adjusted operating margin; adjusted metrics are the preferred profitability comparison during spin-off expense periods.
FDXF_FY2026_Q4_2026-05-31,FedEx Freight,2026-05-31,avg_daily_shipments,86700,LTL shipments per day / Total average daily shipments / Shipments per day,2026-06-25,Fourth quarter fiscal 2026 results bullets and non-GAAP reconciliation,https://ir.fedexfreight.com/news-events/press-releases/detail/185/fedex-freight-reports-fourth-quarter-and-full-fiscal-year-2026-financial-results,outputs\phase1b_ltl_peer_panel\sources\FDXF_FY2026_Q4_IR.html,"Reported in thousands; multiplied by 1,000 for count scale",High,FedEx reports fiscal quarters and composite metrics; Q4 source reports base revenue/CWT only directionally. Adjusted operating ratio is derived as 100 minus adjusted operating margin; adjusted metrics are the preferred profitability comparison during spin-off expense periods.
FDXF_FY2026_Q4_2026-05-31,FedEx Freight,2026-05-31,shipments_yoy_pct,-5.9,LTL shipments per day change / Total average daily shipments change,2026-06-25,Fourth quarter fiscal 2026 results bullets and non-GAAP reconciliation,https://ir.fedexfreight.com/news-events/press-releases/detail/185/fedex-freight-reports-fourth-quarter-and-full-fiscal-year-2026-financial-results,outputs\phase1b_ltl_peer_panel\sources\FDXF_FY2026_Q4_IR.html,Reported,High,FedEx reports fiscal quarters and composite metrics; Q4 source reports base revenue/CWT only directionally. Adjusted operating ratio is derived as 100 minus adjusted operating margin; adjusted metrics are the preferred profitability comparison during spin-off expense periods.
FDXF_FY2026_Q4_2026-05-31,FedEx Freight,2026-05-31,weight_per_shipment_lbs,948,LTL weight per shipment (lbs.) / Composite weight per shipment,2026-06-25,Fourth quarter fiscal 2026 results bullets and non-GAAP reconciliation,https://ir.fedexfreight.com/news-events/press-releases/detail/185/fedex-freight-reports-fourth-quarter-and-full-fiscal-year-2026-financial-results,outputs\phase1b_ltl_peer_panel\sources\FDXF_FY2026_Q4_IR.html,Reported,High,FedEx reports fiscal quarters and composite metrics; Q4 source reports base revenue/CWT only directionally. Adjusted operating ratio is derived as 100 minus adjusted operating margin; adjusted metrics are the preferred profitability comparison during spin-off expense periods.
FDXF_FY2026_Q4_2026-05-31,FedEx Freight,2026-05-31,weight_per_shipment_yoy_pct,3.0,Weight per shipment year-over-year change,2026-06-25,Fourth quarter fiscal 2026 results bullets and non-GAAP reconciliation,https://ir.fedexfreight.com/news-events/press-releases/detail/185/fedex-freight-reports-fourth-quarter-and-full-fiscal-year-2026-financial-results,outputs\phase1b_ltl_peer_panel\sources\FDXF_FY2026_Q4_IR.html,Reported,High,FedEx reports fiscal quarters and composite metrics; Q4 source reports base revenue/CWT only directionally. Adjusted operating ratio is derived as 100 minus adjusted operating margin; adjusted metrics are the preferred profitability comparison during spin-off expense periods.
FDXF_FY2026_Q4_2026-05-31,FedEx Freight,2026-05-31,revenue_per_shipment,415.22,LTL revenue per shipment / Composite revenue per shipment,2026-06-25,Fourth quarter fiscal 2026 results bullets and non-GAAP reconciliation,https://ir.fedexfreight.com/news-events/press-releases/detail/185/fedex-freight-reports-fourth-quarter-and-full-fiscal-year-2026-financial-results,outputs\phase1b_ltl_peer_panel\sources\FDXF_FY2026_Q4_IR.html,Reported,High,FedEx reports fiscal quarters and composite metrics; Q4 source reports base revenue/CWT only directionally. Adjusted operating ratio is derived as 100 minus adjusted operating margin; adjusted metrics are the preferred profitability comparison during spin-off expense periods.
FDXF_FY2026_Q4_2026-05-31,FedEx Freight,2026-05-31,revenue_per_shipment_yoy_pct,11.5,Revenue per shipment year-over-year change,2026-06-25,Fourth quarter fiscal 2026 results bullets and non-GAAP reconciliation,https://ir.fedexfreight.com/news-events/press-releases/detail/185/fedex-freight-reports-fourth-quarter-and-full-fiscal-year-2026-financial-results,outputs\phase1b_ltl_peer_panel\sources\FDXF_FY2026_Q4_IR.html,Reported,High,FedEx reports fiscal quarters and composite metrics; Q4 source reports base revenue/CWT only directionally. Adjusted operating ratio is derived as 100 minus adjusted operating margin; adjusted metrics are the preferred profitability comparison during spin-off expense periods.
FDXF_FY2026_Q4_2026-05-31,FedEx Freight,2026-05-31,revenue_per_cwt,43.79,LTL revenue per hundredweight / Composite revenue per hundredweight,2026-06-25,Fourth quarter fiscal 2026 results bullets and non-GAAP reconciliation,https://ir.fedexfreight.com/news-events/press-releases/detail/185/fedex-freight-reports-fourth-quarter-and-full-fiscal-year-2026-financial-results,outputs\phase1b_ltl_peer_panel\sources\FDXF_FY2026_Q4_IR.html,Reported,High,FedEx reports fiscal quarters and composite metrics; Q4 source reports base revenue/CWT only directionally. Adjusted operating ratio is derived as 100 minus adjusted operating margin; adjusted metrics are the preferred profitability comparison during spin-off expense periods.
FDXF_FY2026_Q4_2026-05-31,FedEx Freight,2026-05-31,revenue_per_cwt_yoy_pct,8.2,Revenue per hundredweight year-over-year change,2026-06-25,Fourth quarter fiscal 2026 results bullets and non-GAAP reconciliation,https://ir.fedexfreight.com/news-events/press-releases/detail/185/fedex-freight-reports-fourth-quarter-and-full-fiscal-year-2026-financial-results,outputs\phase1b_ltl_peer_panel\sources\FDXF_FY2026_Q4_IR.html,Reported,High,FedEx reports fiscal quarters and composite metrics; Q4 source reports base revenue/CWT only directionally. Adjusted operating ratio is derived as 100 minus adjusted operating margin; adjusted metrics are the preferred profitability comparison during spin-off expense periods.
FDXF_FY2026_Q4_2026-05-31,FedEx Freight,2026-05-31,base_revenue_per_cwt_yoy_pct,slight decline,Base revenue per hundredweight year-over-year change,2026-06-25,Fourth quarter fiscal 2026 results bullets and non-GAAP reconciliation,https://ir.fedexfreight.com/news-events/press-releases/detail/185/fedex-freight-reports-fourth-quarter-and-full-fiscal-year-2026-financial-results,outputs\phase1b_ltl_peer_panel\sources\FDXF_FY2026_Q4_IR.html,Reported,High,FedEx reports fiscal quarters and composite metrics; Q4 source reports base revenue/CWT only directionally. Adjusted operating ratio is derived as 100 minus adjusted operating margin; adjusted metrics are the preferred profitability comparison during spin-off expense periods.
FDXF_FY2024_Q1_2023-08-31,FedEx Freight,2023-08-31,revenue_m,2385,Revenue / Operating Revenue / Segment revenue,2026-03-19,FedEx Freight Segment - Quarterly Operating Statistics; FedEx Freight Segment - Quarterly Consolidated Income Statements,https://ae.marketscreener.com/news/fedex-third-quarter-2026-stat-book-ce7e5eded18cf12d,,Reported,Medium,FedEx historical statistical book. FY2025 values include FedEx Custom Critical in the Freight segment; prior-period figures are subsequently recast where shown by FedEx.
FDXF_FY2024_Q1_2023-08-31,FedEx Freight,2023-08-31,operating_income_m,482,Operating income / Operating Income,2026-03-19,FedEx Freight Segment - Quarterly Operating Statistics; FedEx Freight Segment - Quarterly Consolidated Income Statements,https://ae.marketscreener.com/news/fedex-third-quarter-2026-stat-book-ce7e5eded18cf12d,,Reported,Medium,FedEx historical statistical book. FY2025 values include FedEx Custom Critical in the Freight segment; prior-period figures are subsequently recast where shown by FedEx.
FDXF_FY2024_Q1_2023-08-31,FedEx Freight,2023-08-31,operating_margin_pct,20.2,Operating margin / derived from operating ratio where applicable,2026-03-19,FedEx Freight Segment - Quarterly Operating Statistics; FedEx Freight Segment - Quarterly Consolidated Income Statements,https://ae.marketscreener.com/news/fedex-third-quarter-2026-stat-book-ce7e5eded18cf12d,,Reported or algebraic complement when only reciprocal ratio is reported,Medium,FedEx historical statistical book. FY2025 values include FedEx Custom Critical in the Freight segment; prior-period figures are subsequently recast where shown by FedEx.
FDXF_FY2024_Q1_2023-08-31,FedEx Freight,2023-08-31,operating_ratio_pct,79.8,Operating ratio / derived from operating margin where applicable,2026-03-19,FedEx Freight Segment - Quarterly Operating Statistics; FedEx Freight Segment - Quarterly Consolidated Income Statements,https://ae.marketscreener.com/news/fedex-third-quarter-2026-stat-book-ce7e5eded18cf12d,,Reported or algebraic complement when only reciprocal ratio is reported,Medium,FedEx historical statistical book. FY2025 values include FedEx Custom Critical in the Freight segment; prior-period figures are subsequently recast where shown by FedEx.
FDXF_FY2024_Q1_2023-08-31,FedEx Freight,2023-08-31,avg_daily_shipments,94635,LTL shipments per day / Total average daily shipments / Shipments per day,2026-03-19,FedEx Freight Segment - Quarterly Operating Statistics; FedEx Freight Segment - Quarterly Consolidated Income Statements,https://ae.marketscreener.com/news/fedex-third-quarter-2026-stat-book-ce7e5eded18cf12d,,"Reported in thousands; multiplied by 1,000 for count scale",Medium,FedEx historical statistical book. FY2025 values include FedEx Custom Critical in the Freight segment; prior-period figures are subsequently recast where shown by FedEx.
FDXF_FY2024_Q1_2023-08-31,FedEx Freight,2023-08-31,shipments_yoy_pct,-12.6,LTL shipments per day change / Total average daily shipments change,2026-03-19,FedEx Freight Segment - Quarterly Operating Statistics; FedEx Freight Segment - Quarterly Consolidated Income Statements,https://ae.marketscreener.com/news/fedex-third-quarter-2026-stat-book-ce7e5eded18cf12d,,Reported,Medium,FedEx historical statistical book. FY2025 values include FedEx Custom Critical in the Freight segment; prior-period figures are subsequently recast where shown by FedEx.
FDXF_FY2024_Q1_2023-08-31,FedEx Freight,2023-08-31,weight_per_shipment_lbs,955,LTL weight per shipment (lbs.) / Composite weight per shipment,2026-03-19,FedEx Freight Segment - Quarterly Operating Statistics; FedEx Freight Segment - Quarterly Consolidated Income Statements,https://ae.marketscreener.com/news/fedex-third-quarter-2026-stat-book-ce7e5eded18cf12d,,Reported,Medium,FedEx historical statistical book. FY2025 values include FedEx Custom Critical in the Freight segment; prior-period figures are subsequently recast where shown by FedEx.
FDXF_FY2024_Q1_2023-08-31,FedEx Freight,2023-08-31,weight_per_shipment_yoy_pct,-6.4,Weight per shipment year-over-year change,2026-03-19,FedEx Freight Segment - Quarterly Operating Statistics; FedEx Freight Segment - Quarterly Consolidated Income Statements,https://ae.marketscreener.com/news/fedex-third-quarter-2026-stat-book-ce7e5eded18cf12d,,Reported,Medium,FedEx historical statistical book. FY2025 values include FedEx Custom Critical in the Freight segment; prior-period figures are subsequently recast where shown by FedEx.
FDXF_FY2024_Q1_2023-08-31,FedEx Freight,2023-08-31,revenue_per_shipment,369.56,LTL revenue per shipment / Composite revenue per shipment,2026-03-19,FedEx Freight Segment - Quarterly Operating Statistics; FedEx Freight Segment - Quarterly Consolidated Income Statements,https://ae.marketscreener.com/news/fedex-third-quarter-2026-stat-book-ce7e5eded18cf12d,,Reported,Medium,FedEx historical statistical book. FY2025 values include FedEx Custom Critical in the Freight segment; prior-period figures are subsequently recast where shown by FedEx.
FDXF_FY2024_Q1_2023-08-31,FedEx Freight,2023-08-31,revenue_per_shipment_yoy_pct,-4.2,Revenue per shipment year-over-year change,2026-03-19,FedEx Freight Segment - Quarterly Operating Statistics; FedEx Freight Segment - Quarterly Consolidated Income Statements,https://ae.marketscreener.com/news/fedex-third-quarter-2026-stat-book-ce7e5eded18cf12d,,Reported,Medium,FedEx historical statistical book. FY2025 values include FedEx Custom Critical in the Freight segment; prior-period figures are subsequently recast where shown by FedEx.
FDXF_FY2024_Q1_2023-08-31,FedEx Freight,2023-08-31,revenue_per_cwt,38.71,LTL revenue per hundredweight / Composite revenue per hundredweight,2026-03-19,FedEx Freight Segment - Quarterly Operating Statistics; FedEx Freight Segment - Quarterly Consolidated Income Statements,https://ae.marketscreener.com/news/fedex-third-quarter-2026-stat-book-ce7e5eded18cf12d,,Reported,Medium,FedEx historical statistical book. FY2025 values include FedEx Custom Critical in the Freight segment; prior-period figures are subsequently recast where shown by FedEx.
FDXF_FY2024_Q1_2023-08-31,FedEx Freight,2023-08-31,revenue_per_cwt_yoy_pct,2.4,Revenue per hundredweight year-over-year change,2026-03-19,FedEx Freight Segment - Quarterly Operating Statistics; FedEx Freight Segment - Quarterly Consolidated Income Statements,https://ae.marketscreener.com/news/fedex-third-quarter-2026-stat-book-ce7e5eded18cf12d,,Reported,Medium,FedEx historical statistical book. FY2025 values include FedEx Custom Critical in the Freight segment; prior-period figures are subsequently recast where shown by FedEx.
FDXF_FY2024_Q2_2023-11-30,FedEx Freight,2023-11-30,revenue_m,2452,Revenue / Operating Revenue / Segment revenue,2026-03-19,FedEx Freight Segment - Quarterly Operating Statistics; FedEx Freight Segment - Quarterly Consolidated Income Statements,https://ae.marketscreener.com/news/fedex-third-quarter-2026-stat-book-ce7e5eded18cf12d,,Reported,Medium,FedEx historical statistical book. FY2025 values include FedEx Custom Critical in the Freight segment; prior-period figures are subsequently recast where shown by FedEx.
FDXF_FY2024_Q2_2023-11-30,FedEx Freight,2023-11-30,operating_income_m,491,Operating income / Operating Income,2026-03-19,FedEx Freight Segment - Quarterly Operating Statistics; FedEx Freight Segment - Quarterly Consolidated Income Statements,https://ae.marketscreener.com/news/fedex-third-quarter-2026-stat-book-ce7e5eded18cf12d,,Reported,Medium,FedEx historical statistical book. FY2025 values include FedEx Custom Critical in the Freight segment; prior-period figures are subsequently recast where shown by FedEx.
FDXF_FY2024_Q2_2023-11-30,FedEx Freight,2023-11-30,operating_margin_pct,20.0,Operating margin / derived from operating ratio where applicable,2026-03-19,FedEx Freight Segment - Quarterly Operating Statistics; FedEx Freight Segment - Quarterly Consolidated Income Statements,https://ae.marketscreener.com/news/fedex-third-quarter-2026-stat-book-ce7e5eded18cf12d,,Reported or algebraic complement when only reciprocal ratio is reported,Medium,FedEx historical statistical book. FY2025 values include FedEx Custom Critical in the Freight segment; prior-period figures are subsequently recast where shown by FedEx.
FDXF_FY2024_Q2_2023-11-30,FedEx Freight,2023-11-30,operating_ratio_pct,80.0,Operating ratio / derived from operating margin where applicable,2026-03-19,FedEx Freight Segment - Quarterly Operating Statistics; FedEx Freight Segment - Quarterly Consolidated Income Statements,https://ae.marketscreener.com/news/fedex-third-quarter-2026-stat-book-ce7e5eded18cf12d,,Reported or algebraic complement when only reciprocal ratio is reported,Medium,FedEx historical statistical book. FY2025 values include FedEx Custom Critical in the Freight segment; prior-period figures are subsequently recast where shown by FedEx.
FDXF_FY2024_Q2_2023-11-30,FedEx Freight,2023-11-30,avg_daily_shipments,99001,LTL shipments per day / Total average daily shipments / Shipments per day,2026-03-19,FedEx Freight Segment - Quarterly Operating Statistics; FedEx Freight Segment - Quarterly Consolidated Income Statements,https://ae.marketscreener.com/news/fedex-third-quarter-2026-stat-book-ce7e5eded18cf12d,,"Reported in thousands; multiplied by 1,000 for count scale",Medium,FedEx historical statistical book. FY2025 values include FedEx Custom Critical in the Freight segment; prior-period figures are subsequently recast where shown by FedEx.
FDXF_FY2024_Q2_2023-11-30,FedEx Freight,2023-11-30,shipments_yoy_pct,-5.1,LTL shipments per day change / Total average daily shipments change,2026-03-19,FedEx Freight Segment - Quarterly Operating Statistics; FedEx Freight Segment - Quarterly Consolidated Income Statements,https://ae.marketscreener.com/news/fedex-third-quarter-2026-stat-book-ce7e5eded18cf12d,,Reported,Medium,FedEx historical statistical book. FY2025 values include FedEx Custom Critical in the Freight segment; prior-period figures are subsequently recast where shown by FedEx.
FDXF_FY2024_Q2_2023-11-30,FedEx Freight,2023-11-30,weight_per_shipment_lbs,946,LTL weight per shipment (lbs.) / Composite weight per shipment,2026-03-19,FedEx Freight Segment - Quarterly Operating Statistics; FedEx Freight Segment - Quarterly Consolidated Income Statements,https://ae.marketscreener.com/news/fedex-third-quarter-2026-stat-book-ce7e5eded18cf12d,,Reported,Medium,FedEx historical statistical book. FY2025 values include FedEx Custom Critical in the Freight segment; prior-period figures are subsequently recast where shown by FedEx.
FDXF_FY2024_Q2_2023-11-30,FedEx Freight,2023-11-30,weight_per_shipment_yoy_pct,-5.6,Weight per shipment year-over-year change,2026-03-19,FedEx Freight Segment - Quarterly Operating Statistics; FedEx Freight Segment - Quarterly Consolidated Income Statements,https://ae.marketscreener.com/news/fedex-third-quarter-2026-stat-book-ce7e5eded18cf12d,,Reported,Medium,FedEx historical statistical book. FY2025 values include FedEx Custom Critical in the Freight segment; prior-period figures are subsequently recast where shown by FedEx.
FDXF_FY2024_Q2_2023-11-30,FedEx Freight,2023-11-30,revenue_per_shipment,381.05,LTL revenue per shipment / Composite revenue per shipment,2026-03-19,FedEx Freight Segment - Quarterly Operating Statistics; FedEx Freight Segment - Quarterly Consolidated Income Statements,https://ae.marketscreener.com/news/fedex-third-quarter-2026-stat-book-ce7e5eded18cf12d,,Reported,Medium,FedEx historical statistical book. FY2025 values include FedEx Custom Critical in the Freight segment; prior-period figures are subsequently recast where shown by FedEx.
FDXF_FY2024_Q2_2023-11-30,FedEx Freight,2023-11-30,revenue_per_shipment_yoy_pct,0.9,Revenue per shipment year-over-year change,2026-03-19,FedEx Freight Segment - Quarterly Operating Statistics; FedEx Freight Segment - Quarterly Consolidated Income Statements,https://ae.marketscreener.com/news/fedex-third-quarter-2026-stat-book-ce7e5eded18cf12d,,Reported,Medium,FedEx historical statistical book. FY2025 values include FedEx Custom Critical in the Freight segment; prior-period figures are subsequently recast where shown by FedEx.
FDXF_FY2024_Q2_2023-11-30,FedEx Freight,2023-11-30,revenue_per_cwt,40.29,LTL revenue per hundredweight / Composite revenue per hundredweight,2026-03-19,FedEx Freight Segment - Quarterly Operating Statistics; FedEx Freight Segment - Quarterly Consolidated Income Statements,https://ae.marketscreener.com/news/fedex-third-quarter-2026-stat-book-ce7e5eded18cf12d,,Reported,Medium,FedEx historical statistical book. FY2025 values include FedEx Custom Critical in the Freight segment; prior-period figures are subsequently recast where shown by FedEx.
FDXF_FY2024_Q2_2023-11-30,FedEx Freight,2023-11-30,revenue_per_cwt_yoy_pct,7.0,Revenue per hundredweight year-over-year change,2026-03-19,FedEx Freight Segment - Quarterly Operating Statistics; FedEx Freight Segment - Quarterly Consolidated Income Statements,https://ae.marketscreener.com/news/fedex-third-quarter-2026-stat-book-ce7e5eded18cf12d,,Reported,Medium,FedEx historical statistical book. FY2025 values include FedEx Custom Critical in the Freight segment; prior-period figures are subsequently recast where shown by FedEx.
FDXF_FY2024_Q3_2024-02-29,FedEx Freight,2024-02-29,revenue_m,2205,Revenue / Operating Revenue / Segment revenue,2026-03-19,FedEx Freight Segment - Quarterly Operating Statistics; FedEx Freight Segment - Quarterly Consolidated Income Statements,https://ae.marketscreener.com/news/fedex-third-quarter-2026-stat-book-ce7e5eded18cf12d,,Reported,Medium,FedEx historical statistical book. FY2025 values include FedEx Custom Critical in the Freight segment; prior-period figures are subsequently recast where shown by FedEx.
FDXF_FY2024_Q3_2024-02-29,FedEx Freight,2024-02-29,operating_income_m,341,Operating income / Operating Income,2026-03-19,FedEx Freight Segment - Quarterly Operating Statistics; FedEx Freight Segment - Quarterly Consolidated Income Statements,https://ae.marketscreener.com/news/fedex-third-quarter-2026-stat-book-ce7e5eded18cf12d,,Reported,Medium,FedEx historical statistical book. FY2025 values include FedEx Custom Critical in the Freight segment; prior-period figures are subsequently recast where shown by FedEx.
FDXF_FY2024_Q3_2024-02-29,FedEx Freight,2024-02-29,operating_margin_pct,15.5,Operating margin / derived from operating ratio where applicable,2026-03-19,FedEx Freight Segment - Quarterly Operating Statistics; FedEx Freight Segment - Quarterly Consolidated Income Statements,https://ae.marketscreener.com/news/fedex-third-quarter-2026-stat-book-ce7e5eded18cf12d,,Reported or algebraic complement when only reciprocal ratio is reported,Medium,FedEx historical statistical book. FY2025 values include FedEx Custom Critical in the Freight segment; prior-period figures are subsequently recast where shown by FedEx.
FDXF_FY2024_Q3_2024-02-29,FedEx Freight,2024-02-29,operating_ratio_pct,84.5,Operating ratio / derived from operating margin where applicable,2026-03-19,FedEx Freight Segment - Quarterly Operating Statistics; FedEx Freight Segment - Quarterly Consolidated Income Statements,https://ae.marketscreener.com/news/fedex-third-quarter-2026-stat-book-ce7e5eded18cf12d,,Reported or algebraic complement when only reciprocal ratio is reported,Medium,FedEx historical statistical book. FY2025 values include FedEx Custom Critical in the Freight segment; prior-period figures are subsequently recast where shown by FedEx.
FDXF_FY2024_Q3_2024-02-29,FedEx Freight,2024-02-29,avg_daily_shipments,89248,LTL shipments per day / Total average daily shipments / Shipments per day,2026-03-19,FedEx Freight Segment - Quarterly Operating Statistics; FedEx Freight Segment - Quarterly Consolidated Income Statements,https://ae.marketscreener.com/news/fedex-third-quarter-2026-stat-book-ce7e5eded18cf12d,,"Reported in thousands; multiplied by 1,000 for count scale",Medium,FedEx historical statistical book. FY2025 values include FedEx Custom Critical in the Freight segment; prior-period figures are subsequently recast where shown by FedEx.
FDXF_FY2024_Q3_2024-02-29,FedEx Freight,2024-02-29,shipments_yoy_pct,-4.1,LTL shipments per day change / Total average daily shipments change,2026-03-19,FedEx Freight Segment - Quarterly Operating Statistics; FedEx Freight Segment - Quarterly Consolidated Income Statements,https://ae.marketscreener.com/news/fedex-third-quarter-2026-stat-book-ce7e5eded18cf12d,,Reported,Medium,FedEx historical statistical book. FY2025 values include FedEx Custom Critical in the Freight segment; prior-period figures are subsequently recast where shown by FedEx.
FDXF_FY2024_Q3_2024-02-29,FedEx Freight,2024-02-29,weight_per_shipment_lbs,946,LTL weight per shipment (lbs.) / Composite weight per shipment,2026-03-19,FedEx Freight Segment - Quarterly Operating Statistics; FedEx Freight Segment - Quarterly Consolidated Income Statements,https://ae.marketscreener.com/news/fedex-third-quarter-2026-stat-book-ce7e5eded18cf12d,,Reported,Medium,FedEx historical statistical book. FY2025 values include FedEx Custom Critical in the Freight segment; prior-period figures are subsequently recast where shown by FedEx.
FDXF_FY2024_Q3_2024-02-29,FedEx Freight,2024-02-29,weight_per_shipment_yoy_pct,-3.2,Weight per shipment year-over-year change,2026-03-19,FedEx Freight Segment - Quarterly Operating Statistics; FedEx Freight Segment - Quarterly Consolidated Income Statements,https://ae.marketscreener.com/news/fedex-third-quarter-2026-stat-book-ce7e5eded18cf12d,,Reported,Medium,FedEx historical statistical book. FY2025 values include FedEx Custom Critical in the Freight segment; prior-period figures are subsequently recast where shown by FedEx.
FDXF_FY2024_Q3_2024-02-29,FedEx Freight,2024-02-29,revenue_per_shipment,379.26,LTL revenue per shipment / Composite revenue per shipment,2026-03-19,FedEx Freight Segment - Quarterly Operating Statistics; FedEx Freight Segment - Quarterly Consolidated Income Statements,https://ae.marketscreener.com/news/fedex-third-quarter-2026-stat-book-ce7e5eded18cf12d,,Reported,Medium,FedEx historical statistical book. FY2025 values include FedEx Custom Critical in the Freight segment; prior-period figures are subsequently recast where shown by FedEx.
FDXF_FY2024_Q3_2024-02-29,FedEx Freight,2024-02-29,revenue_per_shipment_yoy_pct,-0.7,Revenue per shipment year-over-year change,2026-03-19,FedEx Freight Segment - Quarterly Operating Statistics; FedEx Freight Segment - Quarterly Consolidated Income Statements,https://ae.marketscreener.com/news/fedex-third-quarter-2026-stat-book-ce7e5eded18cf12d,,Reported,Medium,FedEx historical statistical book. FY2025 values include FedEx Custom Critical in the Freight segment; prior-period figures are subsequently recast where shown by FedEx.
FDXF_FY2024_Q3_2024-02-29,FedEx Freight,2024-02-29,revenue_per_cwt,40.1,LTL revenue per hundredweight / Composite revenue per hundredweight,2026-03-19,FedEx Freight Segment - Quarterly Operating Statistics; FedEx Freight Segment - Quarterly Consolidated Income Statements,https://ae.marketscreener.com/news/fedex-third-quarter-2026-stat-book-ce7e5eded18cf12d,,Reported,Medium,FedEx historical statistical book. FY2025 values include FedEx Custom Critical in the Freight segment; prior-period figures are subsequently recast where shown by FedEx.
FDXF_FY2024_Q3_2024-02-29,FedEx Freight,2024-02-29,revenue_per_cwt_yoy_pct,2.6,Revenue per hundredweight year-over-year change,2026-03-19,FedEx Freight Segment - Quarterly Operating Statistics; FedEx Freight Segment - Quarterly Consolidated Income Statements,https://ae.marketscreener.com/news/fedex-third-quarter-2026-stat-book-ce7e5eded18cf12d,,Reported,Medium,FedEx historical statistical book. FY2025 values include FedEx Custom Critical in the Freight segment; prior-period figures are subsequently recast where shown by FedEx.
FDXF_FY2024_Q4_2024-05-31,FedEx Freight,2024-05-31,revenue_m,2387,Revenue / Operating Revenue / Segment revenue,2026-03-19,FedEx Freight Segment - Quarterly Operating Statistics; FedEx Freight Segment - Quarterly Consolidated Income Statements,https://ae.marketscreener.com/news/fedex-third-quarter-2026-stat-book-ce7e5eded18cf12d,,Reported,Medium,FedEx historical statistical book. FY2025 values include FedEx Custom Critical in the Freight segment; prior-period figures are subsequently recast where shown by FedEx.
FDXF_FY2024_Q4_2024-05-31,FedEx Freight,2024-05-31,operating_income_m,507,Operating income / Operating Income,2026-03-19,FedEx Freight Segment - Quarterly Operating Statistics; FedEx Freight Segment - Quarterly Consolidated Income Statements,https://ae.marketscreener.com/news/fedex-third-quarter-2026-stat-book-ce7e5eded18cf12d,,Reported,Medium,FedEx historical statistical book. FY2025 values include FedEx Custom Critical in the Freight segment; prior-period figures are subsequently recast where shown by FedEx.
FDXF_FY2024_Q4_2024-05-31,FedEx Freight,2024-05-31,operating_margin_pct,21.2,Operating margin / derived from operating ratio where applicable,2026-03-19,FedEx Freight Segment - Quarterly Operating Statistics; FedEx Freight Segment - Quarterly Consolidated Income Statements,https://ae.marketscreener.com/news/fedex-third-quarter-2026-stat-book-ce7e5eded18cf12d,,Reported or algebraic complement when only reciprocal ratio is reported,Medium,FedEx historical statistical book. FY2025 values include FedEx Custom Critical in the Freight segment; prior-period figures are subsequently recast where shown by FedEx.
FDXF_FY2024_Q4_2024-05-31,FedEx Freight,2024-05-31,operating_ratio_pct,78.8,Operating ratio / derived from operating margin where applicable,2026-03-19,FedEx Freight Segment - Quarterly Operating Statistics; FedEx Freight Segment - Quarterly Consolidated Income Statements,https://ae.marketscreener.com/news/fedex-third-quarter-2026-stat-book-ce7e5eded18cf12d,,Reported or algebraic complement when only reciprocal ratio is reported,Medium,FedEx historical statistical book. FY2025 values include FedEx Custom Critical in the Freight segment; prior-period figures are subsequently recast where shown by FedEx.
FDXF_FY2024_Q4_2024-05-31,FedEx Freight,2024-05-31,avg_daily_shipments,93080,LTL shipments per day / Total average daily shipments / Shipments per day,2026-03-19,FedEx Freight Segment - Quarterly Operating Statistics; FedEx Freight Segment - Quarterly Consolidated Income Statements,https://ae.marketscreener.com/news/fedex-third-quarter-2026-stat-book-ce7e5eded18cf12d,,"Reported in thousands; multiplied by 1,000 for count scale",Medium,FedEx historical statistical book. FY2025 values include FedEx Custom Critical in the Freight segment; prior-period figures are subsequently recast where shown by FedEx.
FDXF_FY2024_Q4_2024-05-31,FedEx Freight,2024-05-31,shipments_yoy_pct,0.1,LTL shipments per day change / Total average daily shipments change,2026-03-19,FedEx Freight Segment - Quarterly Operating Statistics; FedEx Freight Segment - Quarterly Consolidated Income Statements,https://ae.marketscreener.com/news/fedex-third-quarter-2026-stat-book-ce7e5eded18cf12d,,Reported,Medium,FedEx historical statistical book. FY2025 values include FedEx Custom Critical in the Freight segment; prior-period figures are subsequently recast where shown by FedEx.
FDXF_FY2024_Q4_2024-05-31,FedEx Freight,2024-05-31,weight_per_shipment_lbs,939,LTL weight per shipment (lbs.) / Composite weight per shipment,2026-03-19,FedEx Freight Segment - Quarterly Operating Statistics; FedEx Freight Segment - Quarterly Consolidated Income Statements,https://ae.marketscreener.com/news/fedex-third-quarter-2026-stat-book-ce7e5eded18cf12d,,Reported,Medium,FedEx historical statistical book. FY2025 values include FedEx Custom Critical in the Freight segment; prior-period figures are subsequently recast where shown by FedEx.
FDXF_FY2024_Q4_2024-05-31,FedEx Freight,2024-05-31,weight_per_shipment_yoy_pct,-2.8,Weight per shipment year-over-year change,2026-03-19,FedEx Freight Segment - Quarterly Operating Statistics; FedEx Freight Segment - Quarterly Consolidated Income Statements,https://ae.marketscreener.com/news/fedex-third-quarter-2026-stat-book-ce7e5eded18cf12d,,Reported,Medium,FedEx historical statistical book. FY2025 values include FedEx Custom Critical in the Freight segment; prior-period figures are subsequently recast where shown by FedEx.
FDXF_FY2024_Q4_2024-05-31,FedEx Freight,2024-05-31,revenue_per_shipment,377.63,LTL revenue per shipment / Composite revenue per shipment,2026-03-19,FedEx Freight Segment - Quarterly Operating Statistics; FedEx Freight Segment - Quarterly Consolidated Income Statements,https://ae.marketscreener.com/news/fedex-third-quarter-2026-stat-book-ce7e5eded18cf12d,,Reported,Medium,FedEx historical statistical book. FY2025 values include FedEx Custom Critical in the Freight segment; prior-period figures are subsequently recast where shown by FedEx.
FDXF_FY2024_Q4_2024-05-31,FedEx Freight,2024-05-31,revenue_per_shipment_yoy_pct,1.1,Revenue per shipment year-over-year change,2026-03-19,FedEx Freight Segment - Quarterly Operating Statistics; FedEx Freight Segment - Quarterly Consolidated Income Statements,https://ae.marketscreener.com/news/fedex-third-quarter-2026-stat-book-ce7e5eded18cf12d,,Reported,Medium,FedEx historical statistical book. FY2025 values include FedEx Custom Critical in the Freight segment; prior-period figures are subsequently recast where shown by FedEx.
FDXF_FY2024_Q4_2024-05-31,FedEx Freight,2024-05-31,revenue_per_cwt,40.22,LTL revenue per hundredweight / Composite revenue per hundredweight,2026-03-19,FedEx Freight Segment - Quarterly Operating Statistics; FedEx Freight Segment - Quarterly Consolidated Income Statements,https://ae.marketscreener.com/news/fedex-third-quarter-2026-stat-book-ce7e5eded18cf12d,,Reported,Medium,FedEx historical statistical book. FY2025 values include FedEx Custom Critical in the Freight segment; prior-period figures are subsequently recast where shown by FedEx.
FDXF_FY2024_Q4_2024-05-31,FedEx Freight,2024-05-31,revenue_per_cwt_yoy_pct,4.0,Revenue per hundredweight year-over-year change,2026-03-19,FedEx Freight Segment - Quarterly Operating Statistics; FedEx Freight Segment - Quarterly Consolidated Income Statements,https://ae.marketscreener.com/news/fedex-third-quarter-2026-stat-book-ce7e5eded18cf12d,,Reported,Medium,FedEx historical statistical book. FY2025 values include FedEx Custom Critical in the Freight segment; prior-period figures are subsequently recast where shown by FedEx.
FDXF_FY2025_Q1_2024-08-31,FedEx Freight,2024-08-31,revenue_m,2329,Revenue / Operating Revenue / Segment revenue,2026-03-19,FedEx Freight Segment - Quarterly Operating Statistics; FedEx Freight Segment - Quarterly Consolidated Income Statements,https://ae.marketscreener.com/news/fedex-third-quarter-2026-stat-book-ce7e5eded18cf12d,,Reported,Medium,FedEx historical statistical book. FY2025 values include FedEx Custom Critical in the Freight segment; prior-period figures are subsequently recast where shown by FedEx.
FDXF_FY2025_Q1_2024-08-31,FedEx Freight,2024-08-31,operating_income_m,439,Operating income / Operating Income,2026-03-19,FedEx Freight Segment - Quarterly Operating Statistics; FedEx Freight Segment - Quarterly Consolidated Income Statements,https://ae.marketscreener.com/news/fedex-third-quarter-2026-stat-book-ce7e5eded18cf12d,,Reported,Medium,FedEx historical statistical book. FY2025 values include FedEx Custom Critical in the Freight segment; prior-period figures are subsequently recast where shown by FedEx.
FDXF_FY2025_Q1_2024-08-31,FedEx Freight,2024-08-31,operating_margin_pct,18.8,Operating margin / derived from operating ratio where applicable,2026-03-19,FedEx Freight Segment - Quarterly Operating Statistics; FedEx Freight Segment - Quarterly Consolidated Income Statements,https://ae.marketscreener.com/news/fedex-third-quarter-2026-stat-book-ce7e5eded18cf12d,,Reported or algebraic complement when only reciprocal ratio is reported,Medium,FedEx historical statistical book. FY2025 values include FedEx Custom Critical in the Freight segment; prior-period figures are subsequently recast where shown by FedEx.
FDXF_FY2025_Q1_2024-08-31,FedEx Freight,2024-08-31,operating_ratio_pct,81.2,Operating ratio / derived from operating margin where applicable,2026-03-19,FedEx Freight Segment - Quarterly Operating Statistics; FedEx Freight Segment - Quarterly Consolidated Income Statements,https://ae.marketscreener.com/news/fedex-third-quarter-2026-stat-book-ce7e5eded18cf12d,,Reported or algebraic complement when only reciprocal ratio is reported,Medium,FedEx historical statistical book. FY2025 values include FedEx Custom Critical in the Freight segment; prior-period figures are subsequently recast where shown by FedEx.
FDXF_FY2025_Q1_2024-08-31,FedEx Freight,2024-08-31,avg_daily_shipments,92008,LTL shipments per day / Total average daily shipments / Shipments per day,2026-03-19,FedEx Freight Segment - Quarterly Operating Statistics; FedEx Freight Segment - Quarterly Consolidated Income Statements,https://ae.marketscreener.com/news/fedex-third-quarter-2026-stat-book-ce7e5eded18cf12d,,"Reported in thousands; multiplied by 1,000 for count scale",Medium,FedEx historical statistical book. FY2025 values include FedEx Custom Critical in the Freight segment; prior-period figures are subsequently recast where shown by FedEx.
FDXF_FY2025_Q1_2024-08-31,FedEx Freight,2024-08-31,shipments_yoy_pct,-2.8,LTL shipments per day change / Total average daily shipments change,2026-03-19,FedEx Freight Segment - Quarterly Operating Statistics; FedEx Freight Segment - Quarterly Consolidated Income Statements,https://ae.marketscreener.com/news/fedex-third-quarter-2026-stat-book-ce7e5eded18cf12d,,Reported,Medium,FedEx historical statistical book. FY2025 values include FedEx Custom Critical in the Freight segment; prior-period figures are subsequently recast where shown by FedEx.
FDXF_FY2025_Q1_2024-08-31,FedEx Freight,2024-08-31,weight_per_shipment_lbs,928,LTL weight per shipment (lbs.) / Composite weight per shipment,2026-03-19,FedEx Freight Segment - Quarterly Operating Statistics; FedEx Freight Segment - Quarterly Consolidated Income Statements,https://ae.marketscreener.com/news/fedex-third-quarter-2026-stat-book-ce7e5eded18cf12d,,Reported,Medium,FedEx historical statistical book. FY2025 values include FedEx Custom Critical in the Freight segment; prior-period figures are subsequently recast where shown by FedEx.
FDXF_FY2025_Q1_2024-08-31,FedEx Freight,2024-08-31,weight_per_shipment_yoy_pct,-2.8,Weight per shipment year-over-year change,2026-03-19,FedEx Freight Segment - Quarterly Operating Statistics; FedEx Freight Segment - Quarterly Consolidated Income Statements,https://ae.marketscreener.com/news/fedex-third-quarter-2026-stat-book-ce7e5eded18cf12d,,Reported,Medium,FedEx historical statistical book. FY2025 values include FedEx Custom Critical in the Freight segment; prior-period figures are subsequently recast where shown by FedEx.
FDXF_FY2025_Q1_2024-08-31,FedEx Freight,2024-08-31,revenue_per_shipment,378.09,LTL revenue per shipment / Composite revenue per shipment,2026-03-19,FedEx Freight Segment - Quarterly Operating Statistics; FedEx Freight Segment - Quarterly Consolidated Income Statements,https://ae.marketscreener.com/news/fedex-third-quarter-2026-stat-book-ce7e5eded18cf12d,,Reported,Medium,FedEx historical statistical book. FY2025 values include FedEx Custom Critical in the Freight segment; prior-period figures are subsequently recast where shown by FedEx.
FDXF_FY2025_Q1_2024-08-31,FedEx Freight,2024-08-31,revenue_per_shipment_yoy_pct,2.3,Revenue per shipment year-over-year change,2026-03-19,FedEx Freight Segment - Quarterly Operating Statistics; FedEx Freight Segment - Quarterly Consolidated Income Statements,https://ae.marketscreener.com/news/fedex-third-quarter-2026-stat-book-ce7e5eded18cf12d,,Reported,Medium,FedEx historical statistical book. FY2025 values include FedEx Custom Critical in the Freight segment; prior-period figures are subsequently recast where shown by FedEx.
FDXF_FY2025_Q1_2024-08-31,FedEx Freight,2024-08-31,revenue_per_cwt,40.73,LTL revenue per hundredweight / Composite revenue per hundredweight,2026-03-19,FedEx Freight Segment - Quarterly Operating Statistics; FedEx Freight Segment - Quarterly Consolidated Income Statements,https://ae.marketscreener.com/news/fedex-third-quarter-2026-stat-book-ce7e5eded18cf12d,,Reported,Medium,FedEx historical statistical book. FY2025 values include FedEx Custom Critical in the Freight segment; prior-period figures are subsequently recast where shown by FedEx.
FDXF_FY2025_Q1_2024-08-31,FedEx Freight,2024-08-31,revenue_per_cwt_yoy_pct,5.2,Revenue per hundredweight year-over-year change,2026-03-19,FedEx Freight Segment - Quarterly Operating Statistics; FedEx Freight Segment - Quarterly Consolidated Income Statements,https://ae.marketscreener.com/news/fedex-third-quarter-2026-stat-book-ce7e5eded18cf12d,,Reported,Medium,FedEx historical statistical book. FY2025 values include FedEx Custom Critical in the Freight segment; prior-period figures are subsequently recast where shown by FedEx.
FDXF_FY2025_Q2_2024-11-30,FedEx Freight,2024-11-30,revenue_m,2177,Revenue / Operating Revenue / Segment revenue,2026-03-19,FedEx Freight Segment - Quarterly Operating Statistics; FedEx Freight Segment - Quarterly Consolidated Income Statements,https://ae.marketscreener.com/news/fedex-third-quarter-2026-stat-book-ce7e5eded18cf12d,,Reported,Medium,FedEx historical statistical book. FY2025 values include FedEx Custom Critical in the Freight segment; prior-period figures are subsequently recast where shown by FedEx.
FDXF_FY2025_Q2_2024-11-30,FedEx Freight,2024-11-30,operating_income_m,312,Operating income / Operating Income,2026-03-19,FedEx Freight Segment - Quarterly Operating Statistics; FedEx Freight Segment - Quarterly Consolidated Income Statements,https://ae.marketscreener.com/news/fedex-third-quarter-2026-stat-book-ce7e5eded18cf12d,,Reported,Medium,FedEx historical statistical book. FY2025 values include FedEx Custom Critical in the Freight segment; prior-period figures are subsequently recast where shown by FedEx.
FDXF_FY2025_Q2_2024-11-30,FedEx Freight,2024-11-30,operating_margin_pct,14.3,Operating margin / derived from operating ratio where applicable,2026-03-19,FedEx Freight Segment - Quarterly Operating Statistics; FedEx Freight Segment - Quarterly Consolidated Income Statements,https://ae.marketscreener.com/news/fedex-third-quarter-2026-stat-book-ce7e5eded18cf12d,,Reported or algebraic complement when only reciprocal ratio is reported,Medium,FedEx historical statistical book. FY2025 values include FedEx Custom Critical in the Freight segment; prior-period figures are subsequently recast where shown by FedEx.
FDXF_FY2025_Q2_2024-11-30,FedEx Freight,2024-11-30,operating_ratio_pct,85.7,Operating ratio / derived from operating margin where applicable,2026-03-19,FedEx Freight Segment - Quarterly Operating Statistics; FedEx Freight Segment - Quarterly Consolidated Income Statements,https://ae.marketscreener.com/news/fedex-third-quarter-2026-stat-book-ce7e5eded18cf12d,,Reported or algebraic complement when only reciprocal ratio is reported,Medium,FedEx historical statistical book. FY2025 values include FedEx Custom Critical in the Freight segment; prior-period figures are subsequently recast where shown by FedEx.
FDXF_FY2025_Q2_2024-11-30,FedEx Freight,2024-11-30,avg_daily_shipments,90998,LTL shipments per day / Total average daily shipments / Shipments per day,2026-03-19,FedEx Freight Segment - Quarterly Operating Statistics; FedEx Freight Segment - Quarterly Consolidated Income Statements,https://ae.marketscreener.com/news/fedex-third-quarter-2026-stat-book-ce7e5eded18cf12d,,"Reported in thousands; multiplied by 1,000 for count scale",Medium,FedEx historical statistical book. FY2025 values include FedEx Custom Critical in the Freight segment; prior-period figures are subsequently recast where shown by FedEx.
FDXF_FY2025_Q2_2024-11-30,FedEx Freight,2024-11-30,shipments_yoy_pct,-8.1,LTL shipments per day change / Total average daily shipments change,2026-03-19,FedEx Freight Segment - Quarterly Operating Statistics; FedEx Freight Segment - Quarterly Consolidated Income Statements,https://ae.marketscreener.com/news/fedex-third-quarter-2026-stat-book-ce7e5eded18cf12d,,Reported,Medium,FedEx historical statistical book. FY2025 values include FedEx Custom Critical in the Freight segment; prior-period figures are subsequently recast where shown by FedEx.
FDXF_FY2025_Q2_2024-11-30,FedEx Freight,2024-11-30,weight_per_shipment_lbs,913,LTL weight per shipment (lbs.) / Composite weight per shipment,2026-03-19,FedEx Freight Segment - Quarterly Operating Statistics; FedEx Freight Segment - Quarterly Consolidated Income Statements,https://ae.marketscreener.com/news/fedex-third-quarter-2026-stat-book-ce7e5eded18cf12d,,Reported,Medium,FedEx historical statistical book. FY2025 values include FedEx Custom Critical in the Freight segment; prior-period figures are subsequently recast where shown by FedEx.
FDXF_FY2025_Q2_2024-11-30,FedEx Freight,2024-11-30,weight_per_shipment_yoy_pct,-3.5,Weight per shipment year-over-year change,2026-03-19,FedEx Freight Segment - Quarterly Operating Statistics; FedEx Freight Segment - Quarterly Consolidated Income Statements,https://ae.marketscreener.com/news/fedex-third-quarter-2026-stat-book-ce7e5eded18cf12d,,Reported,Medium,FedEx historical statistical book. FY2025 values include FedEx Custom Critical in the Freight segment; prior-period figures are subsequently recast where shown by FedEx.
FDXF_FY2025_Q2_2024-11-30,FedEx Freight,2024-11-30,revenue_per_shipment,367.6,LTL revenue per shipment / Composite revenue per shipment,2026-03-19,FedEx Freight Segment - Quarterly Operating Statistics; FedEx Freight Segment - Quarterly Consolidated Income Statements,https://ae.marketscreener.com/news/fedex-third-quarter-2026-stat-book-ce7e5eded18cf12d,,Reported,Medium,FedEx historical statistical book. FY2025 values include FedEx Custom Critical in the Freight segment; prior-period figures are subsequently recast where shown by FedEx.
FDXF_FY2025_Q2_2024-11-30,FedEx Freight,2024-11-30,revenue_per_shipment_yoy_pct,-3.5,Revenue per shipment year-over-year change,2026-03-19,FedEx Freight Segment - Quarterly Operating Statistics; FedEx Freight Segment - Quarterly Consolidated Income Statements,https://ae.marketscreener.com/news/fedex-third-quarter-2026-stat-book-ce7e5eded18cf12d,,Reported,Medium,FedEx historical statistical book. FY2025 values include FedEx Custom Critical in the Freight segment; prior-period figures are subsequently recast where shown by FedEx.
FDXF_FY2025_Q2_2024-11-30,FedEx Freight,2024-11-30,revenue_per_cwt,40.26,LTL revenue per hundredweight / Composite revenue per hundredweight,2026-03-19,FedEx Freight Segment - Quarterly Operating Statistics; FedEx Freight Segment - Quarterly Consolidated Income Statements,https://ae.marketscreener.com/news/fedex-third-quarter-2026-stat-book-ce7e5eded18cf12d,,Reported,Medium,FedEx historical statistical book. FY2025 values include FedEx Custom Critical in the Freight segment; prior-period figures are subsequently recast where shown by FedEx.
FDXF_FY2025_Q2_2024-11-30,FedEx Freight,2024-11-30,revenue_per_cwt_yoy_pct,-0.1,Revenue per hundredweight year-over-year change,2026-03-19,FedEx Freight Segment - Quarterly Operating Statistics; FedEx Freight Segment - Quarterly Consolidated Income Statements,https://ae.marketscreener.com/news/fedex-third-quarter-2026-stat-book-ce7e5eded18cf12d,,Reported,Medium,FedEx historical statistical book. FY2025 values include FedEx Custom Critical in the Freight segment; prior-period figures are subsequently recast where shown by FedEx.
FDXF_FY2025_Q3_2025-02-28,FedEx Freight,2025-02-28,revenue_m,2089,Revenue / Operating Revenue / Segment revenue,2026-03-19,FedEx Freight Segment - Quarterly Operating Statistics; FedEx Freight Segment - Quarterly Consolidated Income Statements,https://ae.marketscreener.com/news/fedex-third-quarter-2026-stat-book-ce7e5eded18cf12d,,Reported,Medium,FedEx historical statistical book. FY2025 values include FedEx Custom Critical in the Freight segment; prior-period figures are subsequently recast where shown by FedEx.
FDXF_FY2025_Q3_2025-02-28,FedEx Freight,2025-02-28,operating_income_m,261,Operating income / Operating Income,2026-03-19,FedEx Freight Segment - Quarterly Operating Statistics; FedEx Freight Segment - Quarterly Consolidated Income Statements,https://ae.marketscreener.com/news/fedex-third-quarter-2026-stat-book-ce7e5eded18cf12d,,Reported,Medium,FedEx historical statistical book. FY2025 values include FedEx Custom Critical in the Freight segment; prior-period figures are subsequently recast where shown by FedEx.
FDXF_FY2025_Q3_2025-02-28,FedEx Freight,2025-02-28,operating_margin_pct,12.5,Operating margin / derived from operating ratio where applicable,2026-03-19,FedEx Freight Segment - Quarterly Operating Statistics; FedEx Freight Segment - Quarterly Consolidated Income Statements,https://ae.marketscreener.com/news/fedex-third-quarter-2026-stat-book-ce7e5eded18cf12d,,Reported or algebraic complement when only reciprocal ratio is reported,Medium,FedEx historical statistical book. FY2025 values include FedEx Custom Critical in the Freight segment; prior-period figures are subsequently recast where shown by FedEx.
FDXF_FY2025_Q3_2025-02-28,FedEx Freight,2025-02-28,operating_ratio_pct,87.5,Operating ratio / derived from operating margin where applicable,2026-03-19,FedEx Freight Segment - Quarterly Operating Statistics; FedEx Freight Segment - Quarterly Consolidated Income Statements,https://ae.marketscreener.com/news/fedex-third-quarter-2026-stat-book-ce7e5eded18cf12d,,Reported or algebraic complement when only reciprocal ratio is reported,Medium,FedEx historical statistical book. FY2025 values include FedEx Custom Critical in the Freight segment; prior-period figures are subsequently recast where shown by FedEx.
FDXF_FY2025_Q3_2025-02-28,FedEx Freight,2025-02-28,avg_daily_shipments,85072,LTL shipments per day / Total average daily shipments / Shipments per day,2026-03-19,FedEx Freight Segment - Quarterly Operating Statistics; FedEx Freight Segment - Quarterly Consolidated Income Statements,https://ae.marketscreener.com/news/fedex-third-quarter-2026-stat-book-ce7e5eded18cf12d,,"Reported in thousands; multiplied by 1,000 for count scale",Medium,FedEx historical statistical book. FY2025 values include FedEx Custom Critical in the Freight segment; prior-period figures are subsequently recast where shown by FedEx.
FDXF_FY2025_Q3_2025-02-28,FedEx Freight,2025-02-28,shipments_yoy_pct,-4.7,LTL shipments per day change / Total average daily shipments change,2026-03-19,FedEx Freight Segment - Quarterly Operating Statistics; FedEx Freight Segment - Quarterly Consolidated Income Statements,https://ae.marketscreener.com/news/fedex-third-quarter-2026-stat-book-ce7e5eded18cf12d,,Reported,Medium,FedEx historical statistical book. FY2025 values include FedEx Custom Critical in the Freight segment; prior-period figures are subsequently recast where shown by FedEx.
FDXF_FY2025_Q3_2025-02-28,FedEx Freight,2025-02-28,weight_per_shipment_lbs,917,LTL weight per shipment (lbs.) / Composite weight per shipment,2026-03-19,FedEx Freight Segment - Quarterly Operating Statistics; FedEx Freight Segment - Quarterly Consolidated Income Statements,https://ae.marketscreener.com/news/fedex-third-quarter-2026-stat-book-ce7e5eded18cf12d,,Reported,Medium,FedEx historical statistical book. FY2025 values include FedEx Custom Critical in the Freight segment; prior-period figures are subsequently recast where shown by FedEx.
FDXF_FY2025_Q3_2025-02-28,FedEx Freight,2025-02-28,weight_per_shipment_yoy_pct,-3.1,Weight per shipment year-over-year change,2026-03-19,FedEx Freight Segment - Quarterly Operating Statistics; FedEx Freight Segment - Quarterly Consolidated Income Statements,https://ae.marketscreener.com/news/fedex-third-quarter-2026-stat-book-ce7e5eded18cf12d,,Reported,Medium,FedEx historical statistical book. FY2025 values include FedEx Custom Critical in the Freight segment; prior-period figures are subsequently recast where shown by FedEx.
FDXF_FY2025_Q3_2025-02-28,FedEx Freight,2025-02-28,revenue_per_shipment,375.81,LTL revenue per shipment / Composite revenue per shipment,2026-03-19,FedEx Freight Segment - Quarterly Operating Statistics; FedEx Freight Segment - Quarterly Consolidated Income Statements,https://ae.marketscreener.com/news/fedex-third-quarter-2026-stat-book-ce7e5eded18cf12d,,Reported,Medium,FedEx historical statistical book. FY2025 values include FedEx Custom Critical in the Freight segment; prior-period figures are subsequently recast where shown by FedEx.
FDXF_FY2025_Q3_2025-02-28,FedEx Freight,2025-02-28,revenue_per_shipment_yoy_pct,-0.9,Revenue per shipment year-over-year change,2026-03-19,FedEx Freight Segment - Quarterly Operating Statistics; FedEx Freight Segment - Quarterly Consolidated Income Statements,https://ae.marketscreener.com/news/fedex-third-quarter-2026-stat-book-ce7e5eded18cf12d,,Reported,Medium,FedEx historical statistical book. FY2025 values include FedEx Custom Critical in the Freight segment; prior-period figures are subsequently recast where shown by FedEx.
FDXF_FY2025_Q3_2025-02-28,FedEx Freight,2025-02-28,revenue_per_cwt,41.0,LTL revenue per hundredweight / Composite revenue per hundredweight,2026-03-19,FedEx Freight Segment - Quarterly Operating Statistics; FedEx Freight Segment - Quarterly Consolidated Income Statements,https://ae.marketscreener.com/news/fedex-third-quarter-2026-stat-book-ce7e5eded18cf12d,,Reported,Medium,FedEx historical statistical book. FY2025 values include FedEx Custom Critical in the Freight segment; prior-period figures are subsequently recast where shown by FedEx.
FDXF_FY2025_Q3_2025-02-28,FedEx Freight,2025-02-28,revenue_per_cwt_yoy_pct,2.2,Revenue per hundredweight year-over-year change,2026-03-19,FedEx Freight Segment - Quarterly Operating Statistics; FedEx Freight Segment - Quarterly Consolidated Income Statements,https://ae.marketscreener.com/news/fedex-third-quarter-2026-stat-book-ce7e5eded18cf12d,,Reported,Medium,FedEx historical statistical book. FY2025 values include FedEx Custom Critical in the Freight segment; prior-period figures are subsequently recast where shown by FedEx.
FDXF_FY2025_Q4_2025-05-31,FedEx Freight,2025-05-31,revenue_m,2297,Revenue / Operating Revenue / Segment revenue,2026-03-19,FedEx Freight Segment - Quarterly Operating Statistics; FedEx Freight Segment - Quarterly Consolidated Income Statements,https://ae.marketscreener.com/news/fedex-third-quarter-2026-stat-book-ce7e5eded18cf12d,,Reported,Medium,FedEx historical statistical book. FY2025 values include FedEx Custom Critical in the Freight segment; prior-period figures are subsequently recast where shown by FedEx.
FDXF_FY2025_Q4_2025-05-31,FedEx Freight,2025-05-31,operating_income_m,477,Operating income / Operating Income,2026-03-19,FedEx Freight Segment - Quarterly Operating Statistics; FedEx Freight Segment - Quarterly Consolidated Income Statements,https://ae.marketscreener.com/news/fedex-third-quarter-2026-stat-book-ce7e5eded18cf12d,,Reported,Medium,FedEx historical statistical book. FY2025 values include FedEx Custom Critical in the Freight segment; prior-period figures are subsequently recast where shown by FedEx.
FDXF_FY2025_Q4_2025-05-31,FedEx Freight,2025-05-31,operating_margin_pct,20.8,Operating margin / derived from operating ratio where applicable,2026-03-19,FedEx Freight Segment - Quarterly Operating Statistics; FedEx Freight Segment - Quarterly Consolidated Income Statements,https://ae.marketscreener.com/news/fedex-third-quarter-2026-stat-book-ce7e5eded18cf12d,,Reported or algebraic complement when only reciprocal ratio is reported,Medium,FedEx historical statistical book. FY2025 values include FedEx Custom Critical in the Freight segment; prior-period figures are subsequently recast where shown by FedEx.
FDXF_FY2025_Q4_2025-05-31,FedEx Freight,2025-05-31,operating_ratio_pct,79.2,Operating ratio / derived from operating margin where applicable,2026-03-19,FedEx Freight Segment - Quarterly Operating Statistics; FedEx Freight Segment - Quarterly Consolidated Income Statements,https://ae.marketscreener.com/news/fedex-third-quarter-2026-stat-book-ce7e5eded18cf12d,,Reported or algebraic complement when only reciprocal ratio is reported,Medium,FedEx historical statistical book. FY2025 values include FedEx Custom Critical in the Freight segment; prior-period figures are subsequently recast where shown by FedEx.
FDXF_FY2025_Q4_2025-05-31,FedEx Freight,2025-05-31,avg_daily_shipments,92129,LTL shipments per day / Total average daily shipments / Shipments per day,2026-03-19,FedEx Freight Segment - Quarterly Operating Statistics; FedEx Freight Segment - Quarterly Consolidated Income Statements,https://ae.marketscreener.com/news/fedex-third-quarter-2026-stat-book-ce7e5eded18cf12d,,"Reported in thousands; multiplied by 1,000 for count scale",Medium,FedEx historical statistical book. FY2025 values include FedEx Custom Critical in the Freight segment; prior-period figures are subsequently recast where shown by FedEx.
FDXF_FY2025_Q4_2025-05-31,FedEx Freight,2025-05-31,shipments_yoy_pct,-1.0,LTL shipments per day change / Total average daily shipments change,2026-03-19,FedEx Freight Segment - Quarterly Operating Statistics; FedEx Freight Segment - Quarterly Consolidated Income Statements,https://ae.marketscreener.com/news/fedex-third-quarter-2026-stat-book-ce7e5eded18cf12d,,Reported,Medium,FedEx historical statistical book. FY2025 values include FedEx Custom Critical in the Freight segment; prior-period figures are subsequently recast where shown by FedEx.
FDXF_FY2025_Q4_2025-05-31,FedEx Freight,2025-05-31,weight_per_shipment_lbs,920,LTL weight per shipment (lbs.) / Composite weight per shipment,2026-03-19,FedEx Freight Segment - Quarterly Operating Statistics; FedEx Freight Segment - Quarterly Consolidated Income Statements,https://ae.marketscreener.com/news/fedex-third-quarter-2026-stat-book-ce7e5eded18cf12d,,Reported,Medium,FedEx historical statistical book. FY2025 values include FedEx Custom Critical in the Freight segment; prior-period figures are subsequently recast where shown by FedEx.
FDXF_FY2025_Q4_2025-05-31,FedEx Freight,2025-05-31,weight_per_shipment_yoy_pct,-2.0,Weight per shipment year-over-year change,2026-03-19,FedEx Freight Segment - Quarterly Operating Statistics; FedEx Freight Segment - Quarterly Consolidated Income Statements,https://ae.marketscreener.com/news/fedex-third-quarter-2026-stat-book-ce7e5eded18cf12d,,Reported,Medium,FedEx historical statistical book. FY2025 values include FedEx Custom Critical in the Freight segment; prior-period figures are subsequently recast where shown by FedEx.
FDXF_FY2025_Q4_2025-05-31,FedEx Freight,2025-05-31,revenue_per_shipment,372.55,LTL revenue per shipment / Composite revenue per shipment,2026-03-19,FedEx Freight Segment - Quarterly Operating Statistics; FedEx Freight Segment - Quarterly Consolidated Income Statements,https://ae.marketscreener.com/news/fedex-third-quarter-2026-stat-book-ce7e5eded18cf12d,,Reported,Medium,FedEx historical statistical book. FY2025 values include FedEx Custom Critical in the Freight segment; prior-period figures are subsequently recast where shown by FedEx.
FDXF_FY2025_Q4_2025-05-31,FedEx Freight,2025-05-31,revenue_per_shipment_yoy_pct,-1.3,Revenue per shipment year-over-year change,2026-03-19,FedEx Freight Segment - Quarterly Operating Statistics; FedEx Freight Segment - Quarterly Consolidated Income Statements,https://ae.marketscreener.com/news/fedex-third-quarter-2026-stat-book-ce7e5eded18cf12d,,Reported,Medium,FedEx historical statistical book. FY2025 values include FedEx Custom Critical in the Freight segment; prior-period figures are subsequently recast where shown by FedEx.
FDXF_FY2025_Q4_2025-05-31,FedEx Freight,2025-05-31,revenue_per_cwt,40.49,LTL revenue per hundredweight / Composite revenue per hundredweight,2026-03-19,FedEx Freight Segment - Quarterly Operating Statistics; FedEx Freight Segment - Quarterly Consolidated Income Statements,https://ae.marketscreener.com/news/fedex-third-quarter-2026-stat-book-ce7e5eded18cf12d,,Reported,Medium,FedEx historical statistical book. FY2025 values include FedEx Custom Critical in the Freight segment; prior-period figures are subsequently recast where shown by FedEx.
FDXF_FY2025_Q4_2025-05-31,FedEx Freight,2025-05-31,revenue_per_cwt_yoy_pct,0.7,Revenue per hundredweight year-over-year change,2026-03-19,FedEx Freight Segment - Quarterly Operating Statistics; FedEx Freight Segment - Quarterly Consolidated Income Statements,https://ae.marketscreener.com/news/fedex-third-quarter-2026-stat-book-ce7e5eded18cf12d,,Reported,Medium,FedEx historical statistical book. FY2025 values include FedEx Custom Critical in the Freight segment; prior-period figures are subsequently recast where shown by FedEx.
ODFL_FY2026_Q2_2026-06-30,Old Dominion Freight Line,2026-06-30,revenue_m,1554.004,Revenue / Operating Revenue / Segment revenue,2026-07-29,Quarterly financial and operating statistics tables,https://www.sec.gov/Archives/edgar/data/878927/000087892726000021/odfl-ex99_1.htm,outputs\phase1b_ltl_peer_panel\sources\ODFL_2026_Q2_SEC_ex99_1.htm,Reported,Medium,Q2 2026 primary SEC exhibit; source also disclosed on-time service above 99% and cargo claims ratio 0.1%.
ODFL_FY2026_Q2_2026-06-30,Old Dominion Freight Line,2026-06-30,operating_income_m,465.301,Operating income / Operating Income,2026-07-29,Quarterly financial and operating statistics tables,https://www.sec.gov/Archives/edgar/data/878927/000087892726000021/odfl-ex99_1.htm,outputs\phase1b_ltl_peer_panel\sources\ODFL_2026_Q2_SEC_ex99_1.htm,Reported,Medium,Q2 2026 primary SEC exhibit; source also disclosed on-time service above 99% and cargo claims ratio 0.1%.
ODFL_FY2026_Q2_2026-06-30,Old Dominion Freight Line,2026-06-30,operating_margin_pct,29.9,Operating margin / derived from operating ratio where applicable,2026-07-29,Quarterly financial and operating statistics tables,https://www.sec.gov/Archives/edgar/data/878927/000087892726000021/odfl-ex99_1.htm,outputs\phase1b_ltl_peer_panel\sources\ODFL_2026_Q2_SEC_ex99_1.htm,Reported or algebraic complement when only reciprocal ratio is reported,Medium,Q2 2026 primary SEC exhibit; source also disclosed on-time service above 99% and cargo claims ratio 0.1%.
ODFL_FY2026_Q2_2026-06-30,Old Dominion Freight Line,2026-06-30,operating_ratio_pct,70.1,Operating ratio / derived from operating margin where applicable,2026-07-29,Quarterly financial and operating statistics tables,https://www.sec.gov/Archives/edgar/data/878927/000087892726000021/odfl-ex99_1.htm,outputs\phase1b_ltl_peer_panel\sources\ODFL_2026_Q2_SEC_ex99_1.htm,Reported or algebraic complement when only reciprocal ratio is reported,Medium,Q2 2026 primary SEC exhibit; source also disclosed on-time service above 99% and cargo claims ratio 0.1%.
ODFL_FY2026_Q2_2026-06-30,Old Dominion Freight Line,2026-06-30,avg_daily_shipments,42332,LTL shipments per day / Total average daily shipments / Shipments per day,2026-07-29,Quarterly financial and operating statistics tables,https://www.sec.gov/Archives/edgar/data/878927/000087892726000021/odfl-ex99_1.htm,outputs\phase1b_ltl_peer_panel\sources\ODFL_2026_Q2_SEC_ex99_1.htm,Reported,Medium,Q2 2026 primary SEC exhibit; source also disclosed on-time service above 99% and cargo claims ratio 0.1%.
ODFL_FY2026_Q2_2026-06-30,Old Dominion Freight Line,2026-06-30,shipments_yoy_pct,-5.7,LTL shipments per day change / Total average daily shipments change,2026-07-29,Quarterly financial and operating statistics tables,https://www.sec.gov/Archives/edgar/data/878927/000087892726000021/odfl-ex99_1.htm,outputs\phase1b_ltl_peer_panel\sources\ODFL_2026_Q2_SEC_ex99_1.htm,Reported,Medium,Q2 2026 primary SEC exhibit; source also disclosed on-time service above 99% and cargo claims ratio 0.1%.
ODFL_FY2026_Q2_2026-06-30,Old Dominion Freight Line,2026-06-30,tonnage_per_day,31804,LTL tonnage per day / pounds per day converted to tons,2026-07-29,Quarterly financial and operating statistics tables,https://www.sec.gov/Archives/edgar/data/878927/000087892726000021/odfl-ex99_1.htm,outputs\phase1b_ltl_peer_panel\sources\ODFL_2026_Q2_SEC_ex99_1.htm,Reported,Medium,Q2 2026 primary SEC exhibit; source also disclosed on-time service above 99% and cargo claims ratio 0.1%.
ODFL_FY2026_Q2_2026-06-30,Old Dominion Freight Line,2026-06-30,tonnage_yoy_pct,-4.1,LTL tonnage per day change / pounds per day change,2026-07-29,Quarterly financial and operating statistics tables,https://www.sec.gov/Archives/edgar/data/878927/000087892726000021/odfl-ex99_1.htm,outputs\phase1b_ltl_peer_panel\sources\ODFL_2026_Q2_SEC_ex99_1.htm,Reported,Medium,Q2 2026 primary SEC exhibit; source also disclosed on-time service above 99% and cargo claims ratio 0.1%.
ODFL_FY2026_Q2_2026-06-30,Old Dominion Freight Line,2026-06-30,weight_per_shipment_lbs,1503,LTL weight per shipment (lbs.) / Composite weight per shipment,2026-07-29,Quarterly financial and operating statistics tables,https://www.sec.gov/Archives/edgar/data/878927/000087892726000021/odfl-ex99_1.htm,outputs\phase1b_ltl_peer_panel\sources\ODFL_2026_Q2_SEC_ex99_1.htm,Reported,Medium,Q2 2026 primary SEC exhibit; source also disclosed on-time service above 99% and cargo claims ratio 0.1%.
ODFL_FY2026_Q2_2026-06-30,Old Dominion Freight Line,2026-06-30,weight_per_shipment_yoy_pct,1.7,Weight per shipment year-over-year change,2026-07-29,Quarterly financial and operating statistics tables,https://www.sec.gov/Archives/edgar/data/878927/000087892726000021/odfl-ex99_1.htm,outputs\phase1b_ltl_peer_panel\sources\ODFL_2026_Q2_SEC_ex99_1.htm,Reported,Medium,Q2 2026 primary SEC exhibit; source also disclosed on-time service above 99% and cargo claims ratio 0.1%.
ODFL_FY2026_Q2_2026-06-30,Old Dominion Freight Line,2026-06-30,revenue_per_shipment,568.55,LTL revenue per shipment / Composite revenue per shipment,2026-07-29,Quarterly financial and operating statistics tables,https://www.sec.gov/Archives/edgar/data/878927/000087892726000021/odfl-ex99_1.htm,outputs\phase1b_ltl_peer_panel\sources\ODFL_2026_Q2_SEC_ex99_1.htm,Reported,Medium,Q2 2026 primary SEC exhibit; source also disclosed on-time service above 99% and cargo claims ratio 0.1%.
ODFL_FY2026_Q2_2026-06-30,Old Dominion Freight Line,2026-06-30,revenue_per_shipment_yoy_pct,17.2,Revenue per shipment year-over-year change,2026-07-29,Quarterly financial and operating statistics tables,https://www.sec.gov/Archives/edgar/data/878927/000087892726000021/odfl-ex99_1.htm,outputs\phase1b_ltl_peer_panel\sources\ODFL_2026_Q2_SEC_ex99_1.htm,Reported,Medium,Q2 2026 primary SEC exhibit; source also disclosed on-time service above 99% and cargo claims ratio 0.1%.
ODFL_FY2026_Q2_2026-06-30,Old Dominion Freight Line,2026-06-30,revenue_per_shipment_ex_fuel,446.44,LTL revenue per shipment excluding fuel surcharge,2026-07-29,Quarterly financial and operating statistics tables,https://www.sec.gov/Archives/edgar/data/878927/000087892726000021/odfl-ex99_1.htm,outputs\phase1b_ltl_peer_panel\sources\ODFL_2026_Q2_SEC_ex99_1.htm,Reported,Medium,Q2 2026 primary SEC exhibit; source also disclosed on-time service above 99% and cargo claims ratio 0.1%.
ODFL_FY2026_Q2_2026-06-30,Old Dominion Freight Line,2026-06-30,revenue_per_shipment_ex_fuel_yoy_pct,7.2,Revenue per shipment excluding fuel surcharge year-over-year change,2026-07-29,Quarterly financial and operating statistics tables,https://www.sec.gov/Archives/edgar/data/878927/000087892726000021/odfl-ex99_1.htm,outputs\phase1b_ltl_peer_panel\sources\ODFL_2026_Q2_SEC_ex99_1.htm,Reported,Medium,Q2 2026 primary SEC exhibit; source also disclosed on-time service above 99% and cargo claims ratio 0.1%.
ODFL_FY2026_Q2_2026-06-30,Old Dominion Freight Line,2026-06-30,revenue_per_cwt,37.84,LTL revenue per hundredweight / Composite revenue per hundredweight,2026-07-29,Quarterly financial and operating statistics tables,https://www.sec.gov/Archives/edgar/data/878927/000087892726000021/odfl-ex99_1.htm,outputs\phase1b_ltl_peer_panel\sources\ODFL_2026_Q2_SEC_ex99_1.htm,Reported,Medium,Q2 2026 primary SEC exhibit; source also disclosed on-time service above 99% and cargo claims ratio 0.1%.
ODFL_FY2026_Q2_2026-06-30,Old Dominion Freight Line,2026-06-30,revenue_per_cwt_yoy_pct,15.2,Revenue per hundredweight year-over-year change,2026-07-29,Quarterly financial and operating statistics tables,https://www.sec.gov/Archives/edgar/data/878927/000087892726000021/odfl-ex99_1.htm,outputs\phase1b_ltl_peer_panel\sources\ODFL_2026_Q2_SEC_ex99_1.htm,Reported,Medium,Q2 2026 primary SEC exhibit; source also disclosed on-time service above 99% and cargo claims ratio 0.1%.
ODFL_FY2026_Q2_2026-06-30,Old Dominion Freight Line,2026-06-30,revenue_per_cwt_ex_fuel,29.71,LTL revenue per hundredweight excluding fuel surcharge,2026-07-29,Quarterly financial and operating statistics tables,https://www.sec.gov/Archives/edgar/data/878927/000087892726000021/odfl-ex99_1.htm,outputs\phase1b_ltl_peer_panel\sources\ODFL_2026_Q2_SEC_ex99_1.htm,Reported,Medium,Q2 2026 primary SEC exhibit; source also disclosed on-time service above 99% and cargo claims ratio 0.1%.
ODFL_FY2026_Q2_2026-06-30,Old Dominion Freight Line,2026-06-30,revenue_per_cwt_ex_fuel_yoy_pct,5.5,Revenue per hundredweight excluding fuel surcharge year-over-year change,2026-07-29,Quarterly financial and operating statistics tables,https://www.sec.gov/Archives/edgar/data/878927/000087892726000021/odfl-ex99_1.htm,outputs\phase1b_ltl_peer_panel\sources\ODFL_2026_Q2_SEC_ex99_1.htm,Reported,Medium,Q2 2026 primary SEC exhibit; source also disclosed on-time service above 99% and cargo claims ratio 0.1%.
ODFL_FY2026_Q2_2026-06-30,Old Dominion Freight Line,2026-06-30,yield_ex_fuel_reported,5.5,Yield excluding fuel surcharge growth where source uses yield language,2026-07-29,Quarterly financial and operating statistics tables,https://www.sec.gov/Archives/edgar/data/878927/000087892726000021/odfl-ex99_1.htm,outputs\phase1b_ltl_peer_panel\sources\ODFL_2026_Q2_SEC_ex99_1.htm,Reported,Medium,Q2 2026 primary SEC exhibit; source also disclosed on-time service above 99% and cargo claims ratio 0.1%.
XPO_FY2026_Q2_2026-06-30,XPO North American LTL,2026-06-30,revenue_m,1428,Revenue / Operating Revenue / Segment revenue,2026-07-30,North American LTL operating statistics and segment results,https://www.sec.gov/Archives/edgar/data/1166003/000110465926088438/tm2616097d5_ex99-1.htm,outputs\phase1b_ltl_peer_panel\sources\XPO_2026_Q2_SEC_ex99_1.htm,Reported,Medium,Q2 2026 primary SEC exhibit. XPO source reports pounds/day in thousands; normalized tonnage/day converts pounds to tons. Damage claims ratio was less than 0.2%.
XPO_FY2026_Q2_2026-06-30,XPO North American LTL,2026-06-30,operating_income_m,285,Operating income / Operating Income,2026-07-30,North American LTL operating statistics and segment results,https://www.sec.gov/Archives/edgar/data/1166003/000110465926088438/tm2616097d5_ex99-1.htm,outputs\phase1b_ltl_peer_panel\sources\XPO_2026_Q2_SEC_ex99_1.htm,Reported,Medium,Q2 2026 primary SEC exhibit. XPO source reports pounds/day in thousands; normalized tonnage/day converts pounds to tons. Damage claims ratio was less than 0.2%.
XPO_FY2026_Q2_2026-06-30,XPO North American LTL,2026-06-30,adjusted_operating_income_m,287,Adjusted operating income / Non-GAAP measure,2026-07-30,North American LTL operating statistics and segment results,https://www.sec.gov/Archives/edgar/data/1166003/000110465926088438/tm2616097d5_ex99-1.htm,outputs\phase1b_ltl_peer_panel\sources\XPO_2026_Q2_SEC_ex99_1.htm,Reported,Medium,Q2 2026 primary SEC exhibit. XPO source reports pounds/day in thousands; normalized tonnage/day converts pounds to tons. Damage claims ratio was less than 0.2%.
XPO_FY2026_Q2_2026-06-30,XPO North American LTL,2026-06-30,operating_margin_pct,20.0,Operating margin / derived from operating ratio where applicable,2026-07-30,North American LTL operating statistics and segment results,https://www.sec.gov/Archives/edgar/data/1166003/000110465926088438/tm2616097d5_ex99-1.htm,outputs\phase1b_ltl_peer_panel\sources\XPO_2026_Q2_SEC_ex99_1.htm,Reported or algebraic complement when only reciprocal ratio is reported,Medium,Q2 2026 primary SEC exhibit. XPO source reports pounds/day in thousands; normalized tonnage/day converts pounds to tons. Damage claims ratio was less than 0.2%.
XPO_FY2026_Q2_2026-06-30,XPO North American LTL,2026-06-30,adjusted_operating_margin_pct,20.1,Adjusted operating margin / Non-GAAP measure,2026-07-30,North American LTL operating statistics and segment results,https://www.sec.gov/Archives/edgar/data/1166003/000110465926088438/tm2616097d5_ex99-1.htm,outputs\phase1b_ltl_peer_panel\sources\XPO_2026_Q2_SEC_ex99_1.htm,Reported,Medium,Q2 2026 primary SEC exhibit. XPO source reports pounds/day in thousands; normalized tonnage/day converts pounds to tons. Damage claims ratio was less than 0.2%.
XPO_FY2026_Q2_2026-06-30,XPO North American LTL,2026-06-30,operating_ratio_pct,80.0,Operating ratio / derived from operating margin where applicable,2026-07-30,North American LTL operating statistics and segment results,https://www.sec.gov/Archives/edgar/data/1166003/000110465926088438/tm2616097d5_ex99-1.htm,outputs\phase1b_ltl_peer_panel\sources\XPO_2026_Q2_SEC_ex99_1.htm,Reported or algebraic complement when only reciprocal ratio is reported,Medium,Q2 2026 primary SEC exhibit. XPO source reports pounds/day in thousands; normalized tonnage/day converts pounds to tons. Damage claims ratio was less than 0.2%.
XPO_FY2026_Q2_2026-06-30,XPO North American LTL,2026-06-30,adjusted_operating_ratio_pct,79.9,Adjusted operating ratio,2026-07-30,North American LTL operating statistics and segment results,https://www.sec.gov/Archives/edgar/data/1166003/000110465926088438/tm2616097d5_ex99-1.htm,outputs\phase1b_ltl_peer_panel\sources\XPO_2026_Q2_SEC_ex99_1.htm,Reported,Medium,Q2 2026 primary SEC exhibit. XPO source reports pounds/day in thousands; normalized tonnage/day converts pounds to tons. Damage claims ratio was less than 0.2%.
XPO_FY2026_Q2_2026-06-30,XPO North American LTL,2026-06-30,avg_daily_shipments,52229,LTL shipments per day / Total average daily shipments / Shipments per day,2026-07-30,North American LTL operating statistics and segment results,https://www.sec.gov/Archives/edgar/data/1166003/000110465926088438/tm2616097d5_ex99-1.htm,outputs\phase1b_ltl_peer_panel\sources\XPO_2026_Q2_SEC_ex99_1.htm,Reported,Medium,Q2 2026 primary SEC exhibit. XPO source reports pounds/day in thousands; normalized tonnage/day converts pounds to tons. Damage claims ratio was less than 0.2%.
XPO_FY2026_Q2_2026-06-30,XPO North American LTL,2026-06-30,shipments_yoy_pct,2.8,LTL shipments per day change / Total average daily shipments change,2026-07-30,North American LTL operating statistics and segment results,https://www.sec.gov/Archives/edgar/data/1166003/000110465926088438/tm2616097d5_ex99-1.htm,outputs\phase1b_ltl_peer_panel\sources\XPO_2026_Q2_SEC_ex99_1.htm,Reported,Medium,Q2 2026 primary SEC exhibit. XPO source reports pounds/day in thousands; normalized tonnage/day converts pounds to tons. Damage claims ratio was less than 0.2%.
XPO_FY2026_Q2_2026-06-30,XPO North American LTL,2026-06-30,tonnage_per_day,34231.5,LTL tonnage per day / pounds per day converted to tons,2026-07-30,North American LTL operating statistics and segment results,https://www.sec.gov/Archives/edgar/data/1166003/000110465926088438/tm2616097d5_ex99-1.htm,outputs\phase1b_ltl_peer_panel\sources\XPO_2026_Q2_SEC_ex99_1.htm,Derived: reported pounds/day in thousands * 1000 / 2000,Medium,Q2 2026 primary SEC exhibit. XPO source reports pounds/day in thousands; normalized tonnage/day converts pounds to tons. Damage claims ratio was less than 0.2%.
XPO_FY2026_Q2_2026-06-30,XPO North American LTL,2026-06-30,tonnage_yoy_pct,1.0,LTL tonnage per day change / pounds per day change,2026-07-30,North American LTL operating statistics and segment results,https://www.sec.gov/Archives/edgar/data/1166003/000110465926088438/tm2616097d5_ex99-1.htm,outputs\phase1b_ltl_peer_panel\sources\XPO_2026_Q2_SEC_ex99_1.htm,Reported,Medium,Q2 2026 primary SEC exhibit. XPO source reports pounds/day in thousands; normalized tonnage/day converts pounds to tons. Damage claims ratio was less than 0.2%.
XPO_FY2026_Q2_2026-06-30,XPO North American LTL,2026-06-30,weight_per_shipment_lbs,1311,LTL weight per shipment (lbs.) / Composite weight per shipment,2026-07-30,North American LTL operating statistics and segment results,https://www.sec.gov/Archives/edgar/data/1166003/000110465926088438/tm2616097d5_ex99-1.htm,outputs\phase1b_ltl_peer_panel\sources\XPO_2026_Q2_SEC_ex99_1.htm,Reported,Medium,Q2 2026 primary SEC exhibit. XPO source reports pounds/day in thousands; normalized tonnage/day converts pounds to tons. Damage claims ratio was less than 0.2%.
XPO_FY2026_Q2_2026-06-30,XPO North American LTL,2026-06-30,weight_per_shipment_yoy_pct,-1.8,Weight per shipment year-over-year change,2026-07-30,North American LTL operating statistics and segment results,https://www.sec.gov/Archives/edgar/data/1166003/000110465926088438/tm2616097d5_ex99-1.htm,outputs\phase1b_ltl_peer_panel\sources\XPO_2026_Q2_SEC_ex99_1.htm,Reported,Medium,Q2 2026 primary SEC exhibit. XPO source reports pounds/day in thousands; normalized tonnage/day converts pounds to tons. Damage claims ratio was less than 0.2%.
XPO_FY2026_Q2_2026-06-30,XPO North American LTL,2026-06-30,revenue_per_shipment,429.98,LTL revenue per shipment / Composite revenue per shipment,2026-07-30,North American LTL operating statistics and segment results,https://www.sec.gov/Archives/edgar/data/1166003/000110465926088438/tm2616097d5_ex99-1.htm,outputs\phase1b_ltl_peer_panel\sources\XPO_2026_Q2_SEC_ex99_1.htm,Reported,Medium,Q2 2026 primary SEC exhibit. XPO source reports pounds/day in thousands; normalized tonnage/day converts pounds to tons. Damage claims ratio was less than 0.2%.
XPO_FY2026_Q2_2026-06-30,XPO North American LTL,2026-06-30,revenue_per_shipment_yoy_pct,11.9,Revenue per shipment year-over-year change,2026-07-30,North American LTL operating statistics and segment results,https://www.sec.gov/Archives/edgar/data/1166003/000110465926088438/tm2616097d5_ex99-1.htm,outputs\phase1b_ltl_peer_panel\sources\XPO_2026_Q2_SEC_ex99_1.htm,Reported,Medium,Q2 2026 primary SEC exhibit. XPO source reports pounds/day in thousands; normalized tonnage/day converts pounds to tons. Damage claims ratio was less than 0.2%.
XPO_FY2026_Q2_2026-06-30,XPO North American LTL,2026-06-30,revenue_per_shipment_ex_fuel,335.27,LTL revenue per shipment excluding fuel surcharge,2026-07-30,North American LTL operating statistics and segment results,https://www.sec.gov/Archives/edgar/data/1166003/000110465926088438/tm2616097d5_ex99-1.htm,outputs\phase1b_ltl_peer_panel\sources\XPO_2026_Q2_SEC_ex99_1.htm,Reported,Medium,Q2 2026 primary SEC exhibit. XPO source reports pounds/day in thousands; normalized tonnage/day converts pounds to tons. Damage claims ratio was less than 0.2%.
XPO_FY2026_Q2_2026-06-30,XPO North American LTL,2026-06-30,revenue_per_shipment_ex_fuel_yoy_pct,2.4,Revenue per shipment excluding fuel surcharge year-over-year change,2026-07-30,North American LTL operating statistics and segment results,https://www.sec.gov/Archives/edgar/data/1166003/000110465926088438/tm2616097d5_ex99-1.htm,outputs\phase1b_ltl_peer_panel\sources\XPO_2026_Q2_SEC_ex99_1.htm,Reported,Medium,Q2 2026 primary SEC exhibit. XPO source reports pounds/day in thousands; normalized tonnage/day converts pounds to tons. Damage claims ratio was less than 0.2%.
XPO_FY2026_Q2_2026-06-30,XPO North American LTL,2026-06-30,revenue_per_cwt,33.32,LTL revenue per hundredweight / Composite revenue per hundredweight,2026-07-30,North American LTL operating statistics and segment results,https://www.sec.gov/Archives/edgar/data/1166003/000110465926088438/tm2616097d5_ex99-1.htm,outputs\phase1b_ltl_peer_panel\sources\XPO_2026_Q2_SEC_ex99_1.htm,Reported,Medium,Q2 2026 primary SEC exhibit. XPO source reports pounds/day in thousands; normalized tonnage/day converts pounds to tons. Damage claims ratio was less than 0.2%.
XPO_FY2026_Q2_2026-06-30,XPO North American LTL,2026-06-30,revenue_per_cwt_yoy_pct,14.0,Revenue per hundredweight year-over-year change,2026-07-30,North American LTL operating statistics and segment results,https://www.sec.gov/Archives/edgar/data/1166003/000110465926088438/tm2616097d5_ex99-1.htm,outputs\phase1b_ltl_peer_panel\sources\XPO_2026_Q2_SEC_ex99_1.htm,Reported,Medium,Q2 2026 primary SEC exhibit. XPO source reports pounds/day in thousands; normalized tonnage/day converts pounds to tons. Damage claims ratio was less than 0.2%.
XPO_FY2026_Q2_2026-06-30,XPO North American LTL,2026-06-30,revenue_per_cwt_ex_fuel,26.09,LTL revenue per hundredweight excluding fuel surcharge,2026-07-30,North American LTL operating statistics and segment results,https://www.sec.gov/Archives/edgar/data/1166003/000110465926088438/tm2616097d5_ex99-1.htm,outputs\phase1b_ltl_peer_panel\sources\XPO_2026_Q2_SEC_ex99_1.htm,Reported,Medium,Q2 2026 primary SEC exhibit. XPO source reports pounds/day in thousands; normalized tonnage/day converts pounds to tons. Damage claims ratio was less than 0.2%.
XPO_FY2026_Q2_2026-06-30,XPO North American LTL,2026-06-30,revenue_per_cwt_ex_fuel_yoy_pct,4.4,Revenue per hundredweight excluding fuel surcharge year-over-year change,2026-07-30,North American LTL operating statistics and segment results,https://www.sec.gov/Archives/edgar/data/1166003/000110465926088438/tm2616097d5_ex99-1.htm,outputs\phase1b_ltl_peer_panel\sources\XPO_2026_Q2_SEC_ex99_1.htm,Reported,Medium,Q2 2026 primary SEC exhibit. XPO source reports pounds/day in thousands; normalized tonnage/day converts pounds to tons. Damage claims ratio was less than 0.2%.
XPO_FY2026_Q2_2026-06-30,XPO North American LTL,2026-06-30,yield_ex_fuel_reported,4.4,Yield excluding fuel surcharge growth where source uses yield language,2026-07-30,North American LTL operating statistics and segment results,https://www.sec.gov/Archives/edgar/data/1166003/000110465926088438/tm2616097d5_ex99-1.htm,outputs\phase1b_ltl_peer_panel\sources\XPO_2026_Q2_SEC_ex99_1.htm,Reported,Medium,Q2 2026 primary SEC exhibit. XPO source reports pounds/day in thousands; normalized tonnage/day converts pounds to tons. Damage claims ratio was less than 0.2%.
SAIA_FY2026_Q2_2026-06-30,Saia,2026-06-30,revenue_m,956.494,Revenue / Operating Revenue / Segment revenue,2026-07-30,Financial highlights and operating statistics tables,https://www.sec.gov/Archives/edgar/data/1177702/000119312526324937/saia-ex99_1.htm,outputs\phase1b_ltl_peer_panel\sources\SAIA_2026_Q2_SEC_ex99_1.htm,Reported,Medium,"Q2 2026 primary SEC exhibit; Saia tonnage and shipment rows are reported in thousands and multiplied by 1,000. Source also disclosed claims ratio of 0.3%."
SAIA_FY2026_Q2_2026-06-30,Saia,2026-06-30,operating_income_m,125.212,Operating income / Operating Income,2026-07-30,Financial highlights and operating statistics tables,https://www.sec.gov/Archives/edgar/data/1177702/000119312526324937/saia-ex99_1.htm,outputs\phase1b_ltl_peer_panel\sources\SAIA_2026_Q2_SEC_ex99_1.htm,Reported,Medium,"Q2 2026 primary SEC exhibit; Saia tonnage and shipment rows are reported in thousands and multiplied by 1,000. Source also disclosed claims ratio of 0.3%."
SAIA_FY2026_Q2_2026-06-30,Saia,2026-06-30,operating_margin_pct,13.1,Operating margin / derived from operating ratio where applicable,2026-07-30,Financial highlights and operating statistics tables,https://www.sec.gov/Archives/edgar/data/1177702/000119312526324937/saia-ex99_1.htm,outputs\phase1b_ltl_peer_panel\sources\SAIA_2026_Q2_SEC_ex99_1.htm,Reported or algebraic complement when only reciprocal ratio is reported,Medium,"Q2 2026 primary SEC exhibit; Saia tonnage and shipment rows are reported in thousands and multiplied by 1,000. Source also disclosed claims ratio of 0.3%."
SAIA_FY2026_Q2_2026-06-30,Saia,2026-06-30,operating_ratio_pct,86.9,Operating ratio / derived from operating margin where applicable,2026-07-30,Financial highlights and operating statistics tables,https://www.sec.gov/Archives/edgar/data/1177702/000119312526324937/saia-ex99_1.htm,outputs\phase1b_ltl_peer_panel\sources\SAIA_2026_Q2_SEC_ex99_1.htm,Reported or algebraic complement when only reciprocal ratio is reported,Medium,"Q2 2026 primary SEC exhibit; Saia tonnage and shipment rows are reported in thousands and multiplied by 1,000. Source also disclosed claims ratio of 0.3%."
SAIA_FY2026_Q2_2026-06-30,Saia,2026-06-30,avg_daily_shipments,36890,LTL shipments per day / Total average daily shipments / Shipments per day,2026-07-30,Financial highlights and operating statistics tables,https://www.sec.gov/Archives/edgar/data/1177702/000119312526324937/saia-ex99_1.htm,outputs\phase1b_ltl_peer_panel\sources\SAIA_2026_Q2_SEC_ex99_1.htm,"Reported in thousands; multiplied by 1,000 for count scale",Medium,"Q2 2026 primary SEC exhibit; Saia tonnage and shipment rows are reported in thousands and multiplied by 1,000. Source also disclosed claims ratio of 0.3%."
SAIA_FY2026_Q2_2026-06-30,Saia,2026-06-30,shipments_yoy_pct,4.4,LTL shipments per day change / Total average daily shipments change,2026-07-30,Financial highlights and operating statistics tables,https://www.sec.gov/Archives/edgar/data/1177702/000119312526324937/saia-ex99_1.htm,outputs\phase1b_ltl_peer_panel\sources\SAIA_2026_Q2_SEC_ex99_1.htm,Reported,Medium,"Q2 2026 primary SEC exhibit; Saia tonnage and shipment rows are reported in thousands and multiplied by 1,000. Source also disclosed claims ratio of 0.3%."
SAIA_FY2026_Q2_2026-06-30,Saia,2026-06-30,tonnage_per_day,26700,LTL tonnage per day / pounds per day converted to tons,2026-07-30,Financial highlights and operating statistics tables,https://www.sec.gov/Archives/edgar/data/1177702/000119312526324937/saia-ex99_1.htm,outputs\phase1b_ltl_peer_panel\sources\SAIA_2026_Q2_SEC_ex99_1.htm,Reported,Medium,"Q2 2026 primary SEC exhibit; Saia tonnage and shipment rows are reported in thousands and multiplied by 1,000. Source also disclosed claims ratio of 0.3%."
SAIA_FY2026_Q2_2026-06-30,Saia,2026-06-30,tonnage_yoy_pct,8.4,LTL tonnage per day change / pounds per day change,2026-07-30,Financial highlights and operating statistics tables,https://www.sec.gov/Archives/edgar/data/1177702/000119312526324937/saia-ex99_1.htm,outputs\phase1b_ltl_peer_panel\sources\SAIA_2026_Q2_SEC_ex99_1.htm,Reported,Medium,"Q2 2026 primary SEC exhibit; Saia tonnage and shipment rows are reported in thousands and multiplied by 1,000. Source also disclosed claims ratio of 0.3%."
SAIA_FY2026_Q2_2026-06-30,Saia,2026-06-30,weight_per_shipment_lbs,1448,LTL weight per shipment (lbs.) / Composite weight per shipment,2026-07-30,Financial highlights and operating statistics tables,https://www.sec.gov/Archives/edgar/data/1177702/000119312526324937/saia-ex99_1.htm,outputs\phase1b_ltl_peer_panel\sources\SAIA_2026_Q2_SEC_ex99_1.htm,Reported,Medium,"Q2 2026 primary SEC exhibit; Saia tonnage and shipment rows are reported in thousands and multiplied by 1,000. Source also disclosed claims ratio of 0.3%."
SAIA_FY2026_Q2_2026-06-30,Saia,2026-06-30,weight_per_shipment_yoy_pct,3.9,Weight per shipment year-over-year change,2026-07-30,Financial highlights and operating statistics tables,https://www.sec.gov/Archives/edgar/data/1177702/000119312526324937/saia-ex99_1.htm,outputs\phase1b_ltl_peer_panel\sources\SAIA_2026_Q2_SEC_ex99_1.htm,Reported,Medium,"Q2 2026 primary SEC exhibit; Saia tonnage and shipment rows are reported in thousands and multiplied by 1,000. Source also disclosed claims ratio of 0.3%."
SAIA_FY2026_Q2_2026-06-30,Saia,2026-06-30,revenue_per_shipment,393.56,LTL revenue per shipment / Composite revenue per shipment,2026-07-30,Financial highlights and operating statistics tables,https://www.sec.gov/Archives/edgar/data/1177702/000119312526324937/saia-ex99_1.htm,outputs\phase1b_ltl_peer_panel\sources\SAIA_2026_Q2_SEC_ex99_1.htm,Reported,Medium,"Q2 2026 primary SEC exhibit; Saia tonnage and shipment rows are reported in thousands and multiplied by 1,000. Source also disclosed claims ratio of 0.3%."
SAIA_FY2026_Q2_2026-06-30,Saia,2026-06-30,revenue_per_shipment_yoy_pct,12.0,Revenue per shipment year-over-year change,2026-07-30,Financial highlights and operating statistics tables,https://www.sec.gov/Archives/edgar/data/1177702/000119312526324937/saia-ex99_1.htm,outputs\phase1b_ltl_peer_panel\sources\SAIA_2026_Q2_SEC_ex99_1.htm,Reported,Medium,"Q2 2026 primary SEC exhibit; Saia tonnage and shipment rows are reported in thousands and multiplied by 1,000. Source also disclosed claims ratio of 0.3%."
SAIA_FY2026_Q2_2026-06-30,Saia,2026-06-30,revenue_per_shipment_ex_fuel,303.12,LTL revenue per shipment excluding fuel surcharge,2026-07-30,Financial highlights and operating statistics tables,https://www.sec.gov/Archives/edgar/data/1177702/000119312526324937/saia-ex99_1.htm,outputs\phase1b_ltl_peer_panel\sources\SAIA_2026_Q2_SEC_ex99_1.htm,Reported,Medium,"Q2 2026 primary SEC exhibit; Saia tonnage and shipment rows are reported in thousands and multiplied by 1,000. Source also disclosed claims ratio of 0.3%."
SAIA_FY2026_Q2_2026-06-30,Saia,2026-06-30,revenue_per_shipment_ex_fuel_yoy_pct,1.5,Revenue per shipment excluding fuel surcharge year-over-year change,2026-07-30,Financial highlights and operating statistics tables,https://www.sec.gov/Archives/edgar/data/1177702/000119312526324937/saia-ex99_1.htm,outputs\phase1b_ltl_peer_panel\sources\SAIA_2026_Q2_SEC_ex99_1.htm,Reported,Medium,"Q2 2026 primary SEC exhibit; Saia tonnage and shipment rows are reported in thousands and multiplied by 1,000. Source also disclosed claims ratio of 0.3%."
SAIA_FY2026_Q2_2026-06-30,Saia,2026-06-30,revenue_per_cwt,27.18,LTL revenue per hundredweight / Composite revenue per hundredweight,2026-07-30,Financial highlights and operating statistics tables,https://www.sec.gov/Archives/edgar/data/1177702/000119312526324937/saia-ex99_1.htm,outputs\phase1b_ltl_peer_panel\sources\SAIA_2026_Q2_SEC_ex99_1.htm,Reported,Medium,"Q2 2026 primary SEC exhibit; Saia tonnage and shipment rows are reported in thousands and multiplied by 1,000. Source also disclosed claims ratio of 0.3%."
SAIA_FY2026_Q2_2026-06-30,Saia,2026-06-30,revenue_per_cwt_yoy_pct,7.9,Revenue per hundredweight year-over-year change,2026-07-30,Financial highlights and operating statistics tables,https://www.sec.gov/Archives/edgar/data/1177702/000119312526324937/saia-ex99_1.htm,outputs\phase1b_ltl_peer_panel\sources\SAIA_2026_Q2_SEC_ex99_1.htm,Reported,Medium,"Q2 2026 primary SEC exhibit; Saia tonnage and shipment rows are reported in thousands and multiplied by 1,000. Source also disclosed claims ratio of 0.3%."
SAIA_FY2026_Q2_2026-06-30,Saia,2026-06-30,revenue_per_cwt_ex_fuel,20.94,LTL revenue per hundredweight excluding fuel surcharge,2026-07-30,Financial highlights and operating statistics tables,https://www.sec.gov/Archives/edgar/data/1177702/000119312526324937/saia-ex99_1.htm,outputs\phase1b_ltl_peer_panel\sources\SAIA_2026_Q2_SEC_ex99_1.htm,Reported,Medium,"Q2 2026 primary SEC exhibit; Saia tonnage and shipment rows are reported in thousands and multiplied by 1,000. Source also disclosed claims ratio of 0.3%."
SAIA_FY2026_Q2_2026-06-30,Saia,2026-06-30,revenue_per_cwt_ex_fuel_yoy_pct,-2.2,Revenue per hundredweight excluding fuel surcharge year-over-year change,2026-07-30,Financial highlights and operating statistics tables,https://www.sec.gov/Archives/edgar/data/1177702/000119312526324937/saia-ex99_1.htm,outputs\phase1b_ltl_peer_panel\sources\SAIA_2026_Q2_SEC_ex99_1.htm,Reported,Medium,"Q2 2026 primary SEC exhibit; Saia tonnage and shipment rows are reported in thousands and multiplied by 1,000. Source also disclosed claims ratio of 0.3%."
SAIA_FY2026_Q2_2026-06-30,Saia,2026-06-30,yield_ex_fuel_reported,-2.2,Yield excluding fuel surcharge growth where source uses yield language,2026-07-30,Financial highlights and operating statistics tables,https://www.sec.gov/Archives/edgar/data/1177702/000119312526324937/saia-ex99_1.htm,outputs\phase1b_ltl_peer_panel\sources\SAIA_2026_Q2_SEC_ex99_1.htm,Reported,Medium,"Q2 2026 primary SEC exhibit; Saia tonnage and shipment rows are reported in thousands and multiplied by 1,000. Source also disclosed claims ratio of 0.3%."
